/*
 Navicat Premium Data Transfer

 Source Server         : LocalTeste
 Source Server Type    : MariaDB
 Source Server Version : 100109
 Source Host           : localhost:3306
 Source Schema         : bassem

 Target Server Type    : MariaDB
 Target Server Version : 100109
 File Encoding         : 65001

 Date: 26/01/2018 16:59:22
*/

SET NAMES utf8mb4;
SET FOREIGN_KEY_CHECKS = 0;

-- ----------------------------
-- Table structure for agenda
-- ----------------------------
DROP TABLE IF EXISTS `agenda`;
CREATE TABLE `agenda`  (
  `ag_data` date NOT NULL,
  `ag_conta` varchar(7) CHARACTER SET latin1 COLLATE latin1_swedish_ci NOT NULL,
  `ag_descr` varchar(50) CHARACTER SET latin1 COLLATE latin1_swedish_ci NOT NULL,
  `ag_valor` double(9, 2) NOT NULL,
  `ag_venc` date NOT NULL,
  `ag_pos` varchar(1) CHARACTER SET latin1 COLLATE latin1_swedish_ci NULL DEFAULT NULL,
  `ag_obs` varchar(50) CHARACTER SET latin1 COLLATE latin1_swedish_ci NULL DEFAULT NULL,
  `ag_atend` varchar(20) CHARACTER SET latin1 COLLATE latin1_swedish_ci NULL DEFAULT NULL,
  INDEX `atend`(`ag_atend`) USING BTREE
) ENGINE = InnoDB CHARACTER SET = utf8 COLLATE = utf8_general_ci ROW_FORMAT = Compact;

-- ----------------------------
-- Table structure for ata_docs
-- ----------------------------
DROP TABLE IF EXISTS `ata_docs`;
CREATE TABLE `ata_docs`  (
  `data` date NOT NULL,
  `titulos` int(11) NULL DEFAULT NULL,
  `ch_pagos` int(11) NULL DEFAULT NULL,
  `ch_menor` int(11) NULL DEFAULT NULL,
  `ch_maior` int(11) NULL DEFAULT NULL,
  `data_expurgo` date NULL DEFAULT NULL,
  `devol_menor` int(3) NULL DEFAULT NULL,
  `devol_maior` int(3) NULL DEFAULT NULL,
  PRIMARY KEY (`data`) USING BTREE
) ENGINE = MyISAM CHARACTER SET = utf8 COLLATE = utf8_general_ci ROW_FORMAT = Fixed;

-- ----------------------------
-- Records of ata_docs
-- ----------------------------
INSERT INTO `ata_docs` VALUES ('2011-05-20', 68, 8, 8, 7, '2011-06-22', NULL, NULL);
INSERT INTO `ata_docs` VALUES ('2011-05-23', 26, 6, 8, 8, '2011-06-22', NULL, NULL);
INSERT INTO `ata_docs` VALUES ('2011-05-24', 14, 5, 2, 2, '2011-06-22', NULL, NULL);
INSERT INTO `ata_docs` VALUES ('2011-05-25', 21, 6, 6, 4, '2011-06-22', NULL, NULL);
INSERT INTO `ata_docs` VALUES ('2011-05-26', 22, 4, 12, 20, '2011-06-22', NULL, NULL);
INSERT INTO `ata_docs` VALUES ('2011-05-27', 16, 2, 7, 4, '2011-06-22', NULL, NULL);
INSERT INTO `ata_docs` VALUES ('2011-05-30', 77, 9, 22, 22, '2011-07-20', NULL, NULL);
INSERT INTO `ata_docs` VALUES ('2011-05-31', 38, 6, 8, 6, '2011-07-20', NULL, NULL);
INSERT INTO `ata_docs` VALUES ('2011-06-01', 73, 7, 3, 10, '2011-07-20', NULL, NULL);
INSERT INTO `ata_docs` VALUES ('2011-06-02', 37, 5, 2, 7, '2011-07-20', NULL, NULL);
INSERT INTO `ata_docs` VALUES ('2011-06-03', 62, 11, 9, 6, '2011-07-20', NULL, NULL);
INSERT INTO `ata_docs` VALUES ('2011-06-06', 46, 0, 31, 8, '2011-07-20', NULL, NULL);
INSERT INTO `ata_docs` VALUES ('2011-06-07', 27, 4, 10, 10, '2011-07-20', NULL, NULL);
INSERT INTO `ata_docs` VALUES ('2011-06-08', 97, 4, 6, 4, '2011-07-20', NULL, NULL);
INSERT INTO `ata_docs` VALUES ('2011-06-09', 50, 10, 1, 7, '2011-07-20', NULL, NULL);
INSERT INTO `ata_docs` VALUES ('2011-06-10', 104, 8, 27, 10, '2011-07-20', NULL, NULL);
INSERT INTO `ata_docs` VALUES ('2011-06-13', 42, 8, 17, 15, '2011-07-20', NULL, NULL);
INSERT INTO `ata_docs` VALUES ('2011-06-14', 15, 5, 11, 7, '2011-07-20', NULL, NULL);
INSERT INTO `ata_docs` VALUES ('2011-06-15', 71, 2, 15, 14, '2011-07-20', NULL, NULL);
INSERT INTO `ata_docs` VALUES ('2011-06-16', 31, 6, 7, 10, '2011-07-20', NULL, NULL);
INSERT INTO `ata_docs` VALUES ('2011-06-17', 29, 2, 15, 6, '2011-07-20', NULL, NULL);
INSERT INTO `ata_docs` VALUES ('2011-06-20', 79, 8, 16, 6, '2011-07-20', NULL, NULL);
INSERT INTO `ata_docs` VALUES ('2011-06-21', 16, 6, 13, 12, '2011-07-20', NULL, NULL);
INSERT INTO `ata_docs` VALUES ('2011-06-22', 25, 5, 10, 8, '2011-07-20', NULL, NULL);
INSERT INTO `ata_docs` VALUES ('2011-06-24', 10, 0, 2, 3, '2011-07-20', NULL, NULL);
INSERT INTO `ata_docs` VALUES ('2011-06-27', 41, 4, 11, 8, '2011-07-20', NULL, NULL);
INSERT INTO `ata_docs` VALUES ('2011-06-28', 21, 6, 4, 2, '2011-07-20', NULL, NULL);
INSERT INTO `ata_docs` VALUES ('2011-06-29', 19, 4, 3, 5, '2011-07-20', NULL, NULL);
INSERT INTO `ata_docs` VALUES ('2011-06-30', 57, 4, 14, 13, '2011-07-20', NULL, NULL);
INSERT INTO `ata_docs` VALUES ('2011-07-01', 66, 5, 7, 10, '2011-07-20', NULL, NULL);
INSERT INTO `ata_docs` VALUES ('2011-07-04', 72, 3, 13, 10, '2011-08-26', NULL, NULL);
INSERT INTO `ata_docs` VALUES ('2011-07-05', 52, 2, 11, 16, '2011-08-26', NULL, NULL);
INSERT INTO `ata_docs` VALUES ('2011-07-06', 41, 4, 2, 10, '2011-08-26', NULL, NULL);
INSERT INTO `ata_docs` VALUES ('2011-07-07', 40, 7, 11, 6, '2011-08-26', NULL, NULL);
INSERT INTO `ata_docs` VALUES ('2011-07-08', 55, 9, 7, 5, '2011-08-26', NULL, NULL);
INSERT INTO `ata_docs` VALUES ('2011-07-11', 164, 8, 22, 13, '2011-08-26', NULL, NULL);
INSERT INTO `ata_docs` VALUES ('2011-07-12', 37, 4, 6, 9, '2011-08-26', NULL, NULL);
INSERT INTO `ata_docs` VALUES ('2011-07-13', 24, 3, 8, 7, '2011-08-26', NULL, NULL);
INSERT INTO `ata_docs` VALUES ('2011-07-14', 34, 3, 9, 7, '2011-08-26', NULL, NULL);
INSERT INTO `ata_docs` VALUES ('2011-07-15', 59, 7, 18, 18, '2011-08-26', NULL, NULL);
INSERT INTO `ata_docs` VALUES ('2011-07-18', 65, 2, 20, 4, '2011-08-26', NULL, NULL);
INSERT INTO `ata_docs` VALUES ('2011-07-19', 26, 1, 5, 10, '2011-08-26', NULL, NULL);
INSERT INTO `ata_docs` VALUES ('2011-07-20', 42, 5, 7, 6, '2011-08-26', NULL, NULL);
INSERT INTO `ata_docs` VALUES ('2011-07-21', 8, 3, 2, 4, '2011-08-26', NULL, NULL);
INSERT INTO `ata_docs` VALUES ('2011-07-22', 14, 5, 11, 4, '2011-08-26', NULL, NULL);
INSERT INTO `ata_docs` VALUES ('2011-07-25', 29, 2, 17, 8, '2011-08-26', NULL, NULL);
INSERT INTO `ata_docs` VALUES ('2011-07-26', 19, 6, 1, 4, '2011-08-26', NULL, NULL);
INSERT INTO `ata_docs` VALUES ('2011-07-28', 26, 5, 8, 8, '2011-08-26', NULL, NULL);
INSERT INTO `ata_docs` VALUES ('2011-07-29', 51, 11, 57, 11, '2011-08-26', NULL, NULL);
INSERT INTO `ata_docs` VALUES ('2011-08-01', 91, 6, 18, 21, '2011-08-26', NULL, NULL);
INSERT INTO `ata_docs` VALUES ('2011-08-02', 33, 3, 11, 7, '2011-08-26', NULL, NULL);
INSERT INTO `ata_docs` VALUES ('2011-08-03', 50, 3, 6, 5, '2011-08-26', NULL, NULL);
INSERT INTO `ata_docs` VALUES ('2011-08-04', 37, 8, 19, 7, '2011-08-26', NULL, NULL);
INSERT INTO `ata_docs` VALUES ('2011-08-05', 63, 8, 12, 12, '2011-08-26', NULL, NULL);
INSERT INTO `ata_docs` VALUES ('2011-08-08', 54, 3, 17, 11, '2011-09-23', NULL, NULL);
INSERT INTO `ata_docs` VALUES ('2011-08-09', 11, 1, 7, 11, '2011-09-23', NULL, NULL);
INSERT INTO `ata_docs` VALUES ('2011-08-10', 137, 5, 23, 16, '2011-09-23', NULL, NULL);
INSERT INTO `ata_docs` VALUES ('2011-08-11', 32, 8, 9, 2, '2011-09-23', NULL, NULL);
INSERT INTO `ata_docs` VALUES ('2011-08-12', 27, 6, 14, 13, '2011-09-23', NULL, NULL);
INSERT INTO `ata_docs` VALUES ('2011-08-15', 78, 8, 22, 18, '2011-09-23', NULL, NULL);
INSERT INTO `ata_docs` VALUES ('2011-08-16', 30, 9, 9, 7, '2011-09-23', NULL, NULL);
INSERT INTO `ata_docs` VALUES ('2011-08-17', 26, 5, 6, 4, '2011-09-23', NULL, NULL);
INSERT INTO `ata_docs` VALUES ('2011-08-18', 25, 4, 6, 3, '2011-09-23', NULL, NULL);
INSERT INTO `ata_docs` VALUES ('2011-08-19', 25, 6, 5, 10, '2011-09-23', NULL, NULL);
INSERT INTO `ata_docs` VALUES ('2011-08-22', 26, 4, 27, 13, '2011-09-23', NULL, NULL);
INSERT INTO `ata_docs` VALUES ('2011-08-23', 15, 8, 2, 2, '2011-09-23', NULL, NULL);
INSERT INTO `ata_docs` VALUES ('2011-08-24', 15, 6, 17, 5, '2011-09-23', NULL, NULL);
INSERT INTO `ata_docs` VALUES ('2011-08-25', 25, 1, 10, 5, '2011-09-23', NULL, NULL);
INSERT INTO `ata_docs` VALUES ('2011-08-26', 19, 2, 5, 5, '2011-09-23', NULL, NULL);
INSERT INTO `ata_docs` VALUES ('2011-08-29', 30, 4, 7, 8, '2011-09-23', NULL, NULL);
INSERT INTO `ata_docs` VALUES ('2011-08-30', 54, 6, 8, 10, '2011-09-23', NULL, NULL);
INSERT INTO `ata_docs` VALUES ('2011-08-31', 25, 3, 5, 7, '2011-09-23', NULL, NULL);
INSERT INTO `ata_docs` VALUES ('2011-09-01', 69, 3, 9, 11, '2011-09-23', NULL, NULL);
INSERT INTO `ata_docs` VALUES ('2011-09-02', 41, 3, 13, 10, '2011-09-23', NULL, NULL);
INSERT INTO `ata_docs` VALUES ('2011-09-05', 80, 7, 17, 16, '2011-09-23', NULL, NULL);
INSERT INTO `ata_docs` VALUES ('2011-09-06', 37, 9, 12, 13, '2011-09-23', NULL, NULL);
INSERT INTO `ata_docs` VALUES ('2011-09-08', 48, 7, 11, 8, '2011-09-23', NULL, NULL);
INSERT INTO `ata_docs` VALUES ('2011-09-09', 113, 9, 11, 7, '2011-09-23', NULL, NULL);
INSERT INTO `ata_docs` VALUES ('2011-09-12', 70, 5, 35, 17, '2012-01-24', NULL, NULL);
INSERT INTO `ata_docs` VALUES ('2011-09-13', 30, 2, 10, 4, '2012-01-24', NULL, NULL);
INSERT INTO `ata_docs` VALUES ('2011-09-14', 16, 1, 8, 5, '2012-01-24', NULL, NULL);
INSERT INTO `ata_docs` VALUES ('2011-09-15', 49, 9, 27, 9, '2012-01-24', NULL, NULL);
INSERT INTO `ata_docs` VALUES ('2011-09-16', 31, 8, 15, 8, '2012-01-24', NULL, NULL);
INSERT INTO `ata_docs` VALUES ('2011-09-19', 34, 1, 11, 7, '2012-01-24', NULL, NULL);
INSERT INTO `ata_docs` VALUES ('2011-09-20', 36, 6, 8, 8, '2012-01-24', NULL, NULL);
INSERT INTO `ata_docs` VALUES ('2011-09-21', 5, 4, 5, 6, '2012-01-24', NULL, NULL);
INSERT INTO `ata_docs` VALUES ('2011-09-22', 18, 2, 10, 8, '2012-01-24', NULL, NULL);
INSERT INTO `ata_docs` VALUES ('2011-09-23', 11, 4, 8, 3, '2012-01-24', NULL, NULL);
INSERT INTO `ata_docs` VALUES ('2011-09-26', 30, 4, 10, 9, '2012-01-24', NULL, NULL);
INSERT INTO `ata_docs` VALUES ('2011-09-27', 19, 1, 5, 9, '2012-01-24', NULL, NULL);
INSERT INTO `ata_docs` VALUES ('2011-09-28', 20, 2, 2, 4, '2012-01-24', NULL, NULL);
INSERT INTO `ata_docs` VALUES ('2011-09-29', 20, 4, 8, 3, '2012-01-24', NULL, NULL);
INSERT INTO `ata_docs` VALUES ('2011-09-30', 73, 5, 22, 9, '2012-01-24', NULL, NULL);
INSERT INTO `ata_docs` VALUES ('2011-10-03', 120, 7, 18, 17, '2012-01-24', NULL, NULL);
INSERT INTO `ata_docs` VALUES ('2011-10-04', 51, 5, 3, 12, '2012-01-24', NULL, NULL);
INSERT INTO `ata_docs` VALUES ('2011-10-05', 40, 3, 6, 10, '2012-01-24', NULL, NULL);
INSERT INTO `ata_docs` VALUES ('2011-10-06', 39, 5, 12, 9, '2012-01-24', NULL, NULL);
INSERT INTO `ata_docs` VALUES ('2011-10-07', 59, 6, 16, 12, '2012-01-24', NULL, NULL);
INSERT INTO `ata_docs` VALUES ('2011-10-10', 77, 8, 23, 22, '2012-01-24', NULL, NULL);
INSERT INTO `ata_docs` VALUES ('2011-10-11', 80, 3, 15, 9, '2012-01-24', NULL, NULL);
INSERT INTO `ata_docs` VALUES ('2011-10-13', 50, 3, 8, 6, '2012-01-24', NULL, NULL);
INSERT INTO `ata_docs` VALUES ('2011-10-14', 53, 4, 15, 17, '2012-01-24', NULL, NULL);
INSERT INTO `ata_docs` VALUES ('2011-10-17', 80, 6, 17, 17, '2012-01-24', NULL, NULL);
INSERT INTO `ata_docs` VALUES ('2011-10-18', 27, 2, 5, 9, '2012-01-24', NULL, NULL);
INSERT INTO `ata_docs` VALUES ('2011-10-19', 36, 4, 29, 16, '2012-01-24', NULL, NULL);
INSERT INTO `ata_docs` VALUES ('2011-10-20', 48, 7, 7, 10, '2012-01-24', NULL, NULL);
INSERT INTO `ata_docs` VALUES ('2011-10-21', 7, 1, 7, 5, '2012-01-24', NULL, NULL);
INSERT INTO `ata_docs` VALUES ('2011-10-24', 43, 2, 16, 9, '2012-01-24', NULL, NULL);
INSERT INTO `ata_docs` VALUES ('2011-10-25', 12, 2, 6, 9, '2012-01-24', NULL, NULL);
INSERT INTO `ata_docs` VALUES ('2011-10-26', 18, 3, 5, 6, '2012-01-24', NULL, NULL);
INSERT INTO `ata_docs` VALUES ('2011-10-27', 40, 4, 20, 11, '2012-01-24', NULL, NULL);
INSERT INTO `ata_docs` VALUES ('2011-10-28', 11, 0, 5, 2, '2012-01-24', NULL, NULL);
INSERT INTO `ata_docs` VALUES ('2011-10-31', 84, 7, 47, 26, '2012-01-24', NULL, NULL);
INSERT INTO `ata_docs` VALUES ('2011-11-01', 53, 2, 16, 6, '2012-01-24', NULL, NULL);
INSERT INTO `ata_docs` VALUES ('2011-11-03', 83, 4, 8, 11, '2012-01-24', NULL, NULL);
INSERT INTO `ata_docs` VALUES ('2011-11-04', 31, 12, 17, 9, '2012-01-24', NULL, NULL);
INSERT INTO `ata_docs` VALUES ('2011-11-07', 75, 3, 27, 19, '2012-01-24', NULL, NULL);
INSERT INTO `ata_docs` VALUES ('2011-11-08', 27, 5, 4, 7, '2012-01-24', NULL, NULL);
INSERT INTO `ata_docs` VALUES ('2011-11-09', 42, 5, 10, 7, '2012-01-24', NULL, NULL);
INSERT INTO `ata_docs` VALUES ('2011-11-10', 105, 7, 12, 13, '2012-01-24', NULL, NULL);
INSERT INTO `ata_docs` VALUES ('2011-11-11', 43, 5, 12, 12, '2012-01-24', NULL, NULL);
INSERT INTO `ata_docs` VALUES ('2011-11-14', 13, 0, 2, 3, '2012-01-24', NULL, NULL);
INSERT INTO `ata_docs` VALUES ('2011-11-16', 76, 5, 44, 14, '2012-01-24', NULL, NULL);
INSERT INTO `ata_docs` VALUES ('2011-11-17', 19, 3, 9, 2, '2012-01-24', NULL, NULL);
INSERT INTO `ata_docs` VALUES ('2011-11-18', 54, 4, 5, 13, '2012-01-24', NULL, NULL);
INSERT INTO `ata_docs` VALUES ('2011-11-21', 63, 4, 32, 20, '2012-03-20', NULL, NULL);
INSERT INTO `ata_docs` VALUES ('2011-11-22', 19, 1, 11, 9, '2012-03-20', NULL, NULL);
INSERT INTO `ata_docs` VALUES ('2011-11-23', 7, 1, 8, 11, '2012-03-20', NULL, NULL);
INSERT INTO `ata_docs` VALUES ('2011-11-24', 13, 1, 7, 4, '2012-03-20', NULL, NULL);
INSERT INTO `ata_docs` VALUES ('2011-11-25', 25, 8, 15, 7, '2012-03-20', NULL, NULL);
INSERT INTO `ata_docs` VALUES ('2011-11-28', 55, 4, 12, 7, '2012-03-20', NULL, NULL);
INSERT INTO `ata_docs` VALUES ('2011-11-29', 8, 2, 12, 2, '2012-03-20', NULL, NULL);
INSERT INTO `ata_docs` VALUES ('2011-11-30', 57, 1, 29, 23, '2012-03-20', NULL, NULL);
INSERT INTO `ata_docs` VALUES ('2011-12-01', 82, 1, 13, 13, '2012-03-20', NULL, NULL);
INSERT INTO `ata_docs` VALUES ('2011-12-02', 41, 3, 16, 21, '2012-03-20', NULL, NULL);
INSERT INTO `ata_docs` VALUES ('2011-12-05', 73, 1, 22, 23, '2012-03-20', NULL, NULL);
INSERT INTO `ata_docs` VALUES ('2011-12-06', 55, 3, 2, 9, '2012-03-20', NULL, NULL);
INSERT INTO `ata_docs` VALUES ('2011-12-07', 33, 3, 4, 5, '2012-03-20', NULL, NULL);
INSERT INTO `ata_docs` VALUES ('2011-12-08', 37, 6, 14, 8, '2012-03-20', NULL, NULL);
INSERT INTO `ata_docs` VALUES ('2011-12-09', 100, 4, 8, 5, '2012-03-20', NULL, NULL);
INSERT INTO `ata_docs` VALUES ('2011-12-12', 94, 11, 29, 20, '2012-03-20', NULL, NULL);
INSERT INTO `ata_docs` VALUES ('2011-12-13', 17, 3, 5, 2, '2012-03-20', NULL, NULL);
INSERT INTO `ata_docs` VALUES ('2011-12-14', 12, 1, 1, 2, '2012-03-20', NULL, NULL);
INSERT INTO `ata_docs` VALUES ('2011-12-15', 60, 7, 22, 8, '2012-03-20', NULL, NULL);
INSERT INTO `ata_docs` VALUES ('2011-12-16', 22, 4, 3, 6, '2012-03-20', NULL, NULL);
INSERT INTO `ata_docs` VALUES ('2011-12-19', 77, 7, 22, 12, '2012-03-20', NULL, NULL);
INSERT INTO `ata_docs` VALUES ('2011-12-20', 50, 7, 7, 8, '2012-03-20', NULL, NULL);
INSERT INTO `ata_docs` VALUES ('2011-12-21', 19, 2, 5, 26, '2012-03-20', NULL, NULL);
INSERT INTO `ata_docs` VALUES ('2011-12-22', 19, 3, 7, 6, '2012-03-20', NULL, NULL);
INSERT INTO `ata_docs` VALUES ('2011-12-23', 7, 2, 2, 1, '2012-03-20', NULL, NULL);
INSERT INTO `ata_docs` VALUES ('2011-12-26', 20, 3, 8, 7, '2012-03-20', NULL, NULL);
INSERT INTO `ata_docs` VALUES ('2011-12-27', 37, 3, 9, 8, '2012-03-20', NULL, NULL);
INSERT INTO `ata_docs` VALUES ('2011-12-28', 18, 2, 7, 8, '2012-03-20', NULL, NULL);
INSERT INTO `ata_docs` VALUES ('2011-12-29', 67, 4, 6, 9, '2012-03-20', NULL, NULL);
INSERT INTO `ata_docs` VALUES ('2012-01-02', 57, 3, 9, 12, '2012-03-20', NULL, NULL);
INSERT INTO `ata_docs` VALUES ('2012-01-03', 47, 1, 29, 7, '2012-03-20', NULL, NULL);
INSERT INTO `ata_docs` VALUES ('2012-01-04', 39, 4, 3, 5, '2012-03-20', NULL, NULL);
INSERT INTO `ata_docs` VALUES ('2012-01-05', 30, 4, 7, 10, '2012-03-20', NULL, NULL);
INSERT INTO `ata_docs` VALUES ('2012-01-06', 41, 2, 7, 4, '2012-03-20', NULL, NULL);
INSERT INTO `ata_docs` VALUES ('2012-01-09', 75, 5, 7, 8, '2012-03-20', NULL, NULL);
INSERT INTO `ata_docs` VALUES ('2012-01-10', 55, 8, 4, 6, '2012-03-20', NULL, NULL);
INSERT INTO `ata_docs` VALUES ('2012-01-11', 56, 5, 9, 12, '2012-03-20', NULL, NULL);
INSERT INTO `ata_docs` VALUES ('2012-01-12', 27, 1, 7, 6, '2012-03-20', NULL, NULL);
INSERT INTO `ata_docs` VALUES ('2012-01-13', 27, 2, 8, 7, '2012-03-20', NULL, NULL);
INSERT INTO `ata_docs` VALUES ('2012-01-16', 79, 10, 20, 13, '2012-03-20', NULL, NULL);
INSERT INTO `ata_docs` VALUES ('2012-01-17', 28, 2, 19, 6, '2012-03-20', NULL, NULL);
INSERT INTO `ata_docs` VALUES ('2012-01-18', 25, 3, 3, 4, '2012-03-20', NULL, NULL);
INSERT INTO `ata_docs` VALUES ('2012-01-19', 31, 2, 5, 6, '2012-03-20', NULL, NULL);
INSERT INTO `ata_docs` VALUES ('2012-01-20', 32, 4, 4, 8, '2012-03-20', NULL, NULL);
INSERT INTO `ata_docs` VALUES ('2012-01-23', 22, 4, 8, 7, '2012-03-20', NULL, NULL);
INSERT INTO `ata_docs` VALUES ('2012-01-24', 21, 1, 16, 9, '2012-03-20', NULL, NULL);
INSERT INTO `ata_docs` VALUES ('2012-01-25', 14, 1, 7, 3, '2012-03-20', NULL, NULL);
INSERT INTO `ata_docs` VALUES ('2012-01-26', 23, 8, 5, 2, '2012-03-20', NULL, NULL);
INSERT INTO `ata_docs` VALUES ('2012-01-27', 20, 1, 9, 5, '2012-03-20', NULL, NULL);
INSERT INTO `ata_docs` VALUES ('2012-01-30', 80, 5, 18, 7, '2012-03-20', NULL, NULL);
INSERT INTO `ata_docs` VALUES ('2012-01-31', 43, 7, 3, 4, '2012-03-20', NULL, NULL);
INSERT INTO `ata_docs` VALUES ('2012-02-01', 69, 2, 7, 3, '2012-05-30', NULL, NULL);
INSERT INTO `ata_docs` VALUES ('2012-02-02', 48, 1, 13, 7, '2012-05-30', NULL, NULL);
INSERT INTO `ata_docs` VALUES ('2012-02-03', 56, 6, 8, 3, '2012-05-30', NULL, NULL);
INSERT INTO `ata_docs` VALUES ('2012-02-06', 62, 3, 13, 8, '2012-05-30', NULL, NULL);
INSERT INTO `ata_docs` VALUES ('2012-02-07', 39, 2, 7, 3, '2012-05-30', NULL, NULL);
INSERT INTO `ata_docs` VALUES ('2012-02-08', 81, 2, 7, 7, '2012-05-30', NULL, NULL);
INSERT INTO `ata_docs` VALUES ('2012-02-09', 65, 5, 3, 5, '2012-05-30', NULL, NULL);
INSERT INTO `ata_docs` VALUES ('2012-02-10', 45, 8, 14, 17, '2012-05-30', NULL, NULL);
INSERT INTO `ata_docs` VALUES ('2012-02-13', 41, 2, 25, 9, '2012-05-30', NULL, NULL);
INSERT INTO `ata_docs` VALUES ('2012-02-14', 26, 1, 7, 5, '2012-05-30', NULL, NULL);
INSERT INTO `ata_docs` VALUES ('2012-02-15', 69, 7, 4, 12, '2012-05-30', NULL, NULL);
INSERT INTO `ata_docs` VALUES ('2012-02-16', 22, 4, 14, 2, '2012-05-30', NULL, NULL);
INSERT INTO `ata_docs` VALUES ('2012-02-17', 37, 3, 11, 9, '2012-05-30', NULL, NULL);
INSERT INTO `ata_docs` VALUES ('2012-02-22', 33, 3, 4, 2, '2012-05-30', NULL, NULL);
INSERT INTO `ata_docs` VALUES ('2012-02-23', 14, 3, 6, 6, '2012-05-30', NULL, NULL);
INSERT INTO `ata_docs` VALUES ('2012-02-24', 38, 2, 12, 10, '2012-05-30', NULL, NULL);
INSERT INTO `ata_docs` VALUES ('2012-02-27', 26, 6, 9, 4, '2012-05-30', NULL, NULL);
INSERT INTO `ata_docs` VALUES ('2012-02-28', 10, 0, 5, 10, '2012-05-30', NULL, NULL);
INSERT INTO `ata_docs` VALUES ('2012-02-29', 110, 7, 8, 9, '2012-05-30', NULL, NULL);
INSERT INTO `ata_docs` VALUES ('2012-03-01', 62, 3, 7, 12, '2012-05-30', NULL, NULL);
INSERT INTO `ata_docs` VALUES ('2012-03-02', 47, 8, 15, 9, '2012-05-30', NULL, NULL);
INSERT INTO `ata_docs` VALUES ('2012-03-05', 89, 3, 11, 9, '2012-05-30', NULL, NULL);
INSERT INTO `ata_docs` VALUES ('2012-03-06', 66, 8, 10, 8, '2012-05-30', NULL, NULL);
INSERT INTO `ata_docs` VALUES ('2012-03-07', 84, 8, 5, 8, '2012-05-30', NULL, NULL);
INSERT INTO `ata_docs` VALUES ('2012-03-08', 24, 1, 14, 3, '2012-05-30', NULL, NULL);
INSERT INTO `ata_docs` VALUES ('2012-03-09', 104, 3, 5, 9, '2012-05-30', NULL, NULL);
INSERT INTO `ata_docs` VALUES ('2012-03-12', 90, 2, 11, 14, '2012-05-30', NULL, NULL);
INSERT INTO `ata_docs` VALUES ('2012-03-13', 30, 6, 13, 7, '2012-05-30', NULL, NULL);
INSERT INTO `ata_docs` VALUES ('2012-03-14', 29, 4, 3, 5, '2012-05-30', NULL, NULL);
INSERT INTO `ata_docs` VALUES ('2012-03-15', 91, 7, 31, 13, '2012-05-30', NULL, NULL);
INSERT INTO `ata_docs` VALUES ('2012-03-16', 30, 6, 9, 5, '2012-05-30', NULL, NULL);
INSERT INTO `ata_docs` VALUES ('2012-03-19', 52, 1, 17, 8, '2012-05-30', NULL, NULL);
INSERT INTO `ata_docs` VALUES ('2012-03-20', 27, 6, 0, 4, '2012-05-30', NULL, NULL);
INSERT INTO `ata_docs` VALUES ('2012-03-21', 27, 7, 6, 8, '2012-05-30', NULL, NULL);
INSERT INTO `ata_docs` VALUES ('2012-03-22', 16, 1, 9, 0, '2012-05-30', NULL, NULL);
INSERT INTO `ata_docs` VALUES ('2012-03-23', 20, 2, 1, 1, '2012-05-30', NULL, NULL);
INSERT INTO `ata_docs` VALUES ('2012-03-26', 28, 2, 10, 8, '2012-05-30', NULL, NULL);
INSERT INTO `ata_docs` VALUES ('2012-03-27', 11, 4, 4, 3, '2012-05-30', NULL, NULL);
INSERT INTO `ata_docs` VALUES ('2012-03-28', 15, 3, 3, 3, '2012-05-30', NULL, NULL);
INSERT INTO `ata_docs` VALUES ('2012-03-29', 13, 4, 3, 4, '2012-05-30', NULL, NULL);
INSERT INTO `ata_docs` VALUES ('2012-03-30', 86, 5, 23, 18, '2012-05-30', NULL, NULL);
INSERT INTO `ata_docs` VALUES ('2012-04-02', 83, 2, 11, 8, '2012-05-30', NULL, NULL);
INSERT INTO `ata_docs` VALUES ('2012-04-03', 79, 8, 5, 4, '2012-05-30', NULL, NULL);
INSERT INTO `ata_docs` VALUES ('2012-04-04', 34, 4, 11, 16, '2012-05-30', NULL, NULL);
INSERT INTO `ata_docs` VALUES ('2012-04-05', 42, 1, 5, 6, '2012-05-30', NULL, NULL);
INSERT INTO `ata_docs` VALUES ('2012-04-09', 53, 2, 11, 3, '2012-05-30', NULL, NULL);
INSERT INTO `ata_docs` VALUES ('2012-04-10', 81, 9, 4, 7, '2012-05-30', NULL, NULL);
INSERT INTO `ata_docs` VALUES ('2012-04-11', 84, 3, 5, 6, '2012-05-30', NULL, NULL);
INSERT INTO `ata_docs` VALUES ('2012-04-12', 22, 3, 3, 6, '2012-05-30', NULL, NULL);
INSERT INTO `ata_docs` VALUES ('2012-04-13', 56, 6, 5, 11, '2012-05-30', NULL, NULL);
INSERT INTO `ata_docs` VALUES ('2012-04-16', 89, 4, 13, 8, '2012-05-30', NULL, NULL);
INSERT INTO `ata_docs` VALUES ('2012-04-17', 16, 3, 7, 12, '2012-05-30', NULL, NULL);
INSERT INTO `ata_docs` VALUES ('2012-04-18', 15, 4, 6, 3, '2012-05-30', NULL, NULL);
INSERT INTO `ata_docs` VALUES ('2012-04-19', 29, 3, 11, 4, '2012-05-30', NULL, NULL);
INSERT INTO `ata_docs` VALUES ('2012-04-20', 24, 5, 11, 11, '2012-05-30', NULL, NULL);
INSERT INTO `ata_docs` VALUES ('2012-04-23', 24, 1, 10, 8, '2012-05-30', NULL, NULL);
INSERT INTO `ata_docs` VALUES ('2012-04-24', 25, 1, 9, 2, '2012-05-30', NULL, NULL);
INSERT INTO `ata_docs` VALUES ('2012-04-25', 45, 6, 2, 9, '2012-05-30', NULL, NULL);
INSERT INTO `ata_docs` VALUES ('2012-04-26', 14, 1, 11, 2, '2012-05-30', NULL, NULL);
INSERT INTO `ata_docs` VALUES ('2012-04-27', 82, 5, 10, 6, '2012-05-30', NULL, NULL);
INSERT INTO `ata_docs` VALUES ('2012-04-30', 38, 0, 4, 11, '2012-05-30', NULL, NULL);
INSERT INTO `ata_docs` VALUES ('2012-05-02', 89, 6, 22, 11, '2012-05-30', NULL, NULL);
INSERT INTO `ata_docs` VALUES ('2012-05-03', 52, 2, 10, 3, '2012-05-30', NULL, NULL);
INSERT INTO `ata_docs` VALUES ('2012-05-04', 48, 8, 6, 7, '2012-05-30', NULL, NULL);
INSERT INTO `ata_docs` VALUES ('2012-05-07', 97, 3, 11, 2, '2012-05-30', NULL, NULL);
INSERT INTO `ata_docs` VALUES ('2012-05-08', 52, 4, 9, 10, '2012-05-30', NULL, NULL);
INSERT INTO `ata_docs` VALUES ('2012-05-09', 17, 2, 7, 4, '2012-05-30', NULL, NULL);
INSERT INTO `ata_docs` VALUES ('2012-05-10', 134, 8, 8, 8, '2012-05-30', NULL, NULL);
INSERT INTO `ata_docs` VALUES ('2012-05-11', 53, 8, 11, 7, '2012-05-30', NULL, NULL);
INSERT INTO `ata_docs` VALUES ('2012-05-14', 48, 3, 6, 6, '2012-05-30', NULL, NULL);
INSERT INTO `ata_docs` VALUES ('2012-05-15', 69, 9, 10, 7, '2012-09-19', NULL, NULL);
INSERT INTO `ata_docs` VALUES ('2012-05-16', 33, 4, 7, 10, '2012-09-19', NULL, NULL);
INSERT INTO `ata_docs` VALUES ('2012-05-17', 13, 1, 11, 7, '2012-09-19', NULL, NULL);
INSERT INTO `ata_docs` VALUES ('2012-05-18', 39, 4, 3, 9, '2012-09-19', NULL, NULL);
INSERT INTO `ata_docs` VALUES ('2012-05-21', 39, 2, 12, 8, '2012-09-19', NULL, NULL);
INSERT INTO `ata_docs` VALUES ('2012-05-22', 11, 1, 4, 2, '2012-09-19', NULL, NULL);
INSERT INTO `ata_docs` VALUES ('2012-05-23', 12, 3, 4, 9, '2012-09-19', NULL, NULL);
INSERT INTO `ata_docs` VALUES ('2012-05-24', 8, 1, 2, 6, '2012-09-19', NULL, NULL);
INSERT INTO `ata_docs` VALUES ('2012-05-25', 17, 2, 8, 7, '2012-09-19', NULL, NULL);
INSERT INTO `ata_docs` VALUES ('2012-05-28', 65, 2, 8, 6, '2012-09-19', NULL, NULL);
INSERT INTO `ata_docs` VALUES ('2012-05-29', 30, 9, 3, 1, '2012-09-19', NULL, NULL);
INSERT INTO `ata_docs` VALUES ('2012-05-30', 59, 9, 22, 7, '2012-09-19', NULL, NULL);
INSERT INTO `ata_docs` VALUES ('2012-05-31', 69, 5, 10, 3, '2012-09-19', NULL, NULL);
INSERT INTO `ata_docs` VALUES ('2012-06-01', 75, 4, 4, 8, '2012-09-19', NULL, NULL);
INSERT INTO `ata_docs` VALUES ('2012-06-04', 78, 5, 15, 10, '2012-09-19', NULL, NULL);
INSERT INTO `ata_docs` VALUES ('2012-06-05', 66, 2, 25, 5, '2012-09-19', NULL, NULL);
INSERT INTO `ata_docs` VALUES ('2012-06-06', 45, 13, 13, 8, '2012-09-19', NULL, NULL);
INSERT INTO `ata_docs` VALUES ('2012-06-08', 26, 0, 0, 1, '2012-09-19', NULL, NULL);
INSERT INTO `ata_docs` VALUES ('2012-06-11', 84, 9, 25, 11, '2012-09-19', NULL, NULL);
INSERT INTO `ata_docs` VALUES ('2012-06-12', 70, 2, 4, 4, '2012-09-19', NULL, NULL);
INSERT INTO `ata_docs` VALUES ('2012-06-13', 30, 7, 15, 10, '2012-09-19', NULL, NULL);
INSERT INTO `ata_docs` VALUES ('2012-06-14', 34, 4, 2, 7, '2012-09-19', NULL, NULL);
INSERT INTO `ata_docs` VALUES ('2012-06-15', 88, 11, 23, 19, '2012-09-19', NULL, NULL);
INSERT INTO `ata_docs` VALUES ('2012-06-18', 37, 1, 9, 7, '2012-09-19', NULL, NULL);
INSERT INTO `ata_docs` VALUES ('2012-06-19', 17, 5, 8, 2, '2012-09-19', NULL, NULL);
INSERT INTO `ata_docs` VALUES ('2012-06-20', 49, 3, 19, 6, '2012-09-19', NULL, NULL);
INSERT INTO `ata_docs` VALUES ('2012-06-21', 11, 5, 2, 6, '2012-09-19', NULL, NULL);
INSERT INTO `ata_docs` VALUES ('2012-06-22', 14, 2, 2, 4, '2012-09-19', NULL, NULL);
INSERT INTO `ata_docs` VALUES ('2012-06-25', 32, 1, 8, 8, '2012-09-19', NULL, NULL);
INSERT INTO `ata_docs` VALUES ('2012-06-26', 18, 1, 1, 3, '2012-09-19', NULL, NULL);
INSERT INTO `ata_docs` VALUES ('2012-06-27', 25, 2, 1, 5, '2012-09-19', NULL, NULL);
INSERT INTO `ata_docs` VALUES ('2012-06-28', 17, 5, 2, 1, '2012-09-19', NULL, NULL);
INSERT INTO `ata_docs` VALUES ('2012-06-29', 92, 9, 8, 12, '2012-09-19', NULL, NULL);
INSERT INTO `ata_docs` VALUES ('2012-07-02', 128, 8, 36, 17, '2012-09-19', NULL, NULL);
INSERT INTO `ata_docs` VALUES ('2012-07-03', 56, 2, 15, 8, '2012-09-19', NULL, NULL);
INSERT INTO `ata_docs` VALUES ('2012-07-04', 51, 4, 17, 7, '2012-09-19', NULL, NULL);
INSERT INTO `ata_docs` VALUES ('2012-07-05', 65, 4, 5, 6, '2012-09-19', NULL, NULL);
INSERT INTO `ata_docs` VALUES ('2012-07-06', 36, 7, 4, 8, '2012-09-19', NULL, NULL);
INSERT INTO `ata_docs` VALUES ('2012-07-10', 78, 4, 11, 11, '2012-09-19', NULL, NULL);
INSERT INTO `ata_docs` VALUES ('2012-07-11', 96, 9, 1, 2, '2012-09-19', NULL, NULL);
INSERT INTO `ata_docs` VALUES ('2012-07-12', 33, 7, 7, 9, '2012-09-19', NULL, NULL);
INSERT INTO `ata_docs` VALUES ('2012-07-13', 57, 9, 10, 5, '2012-09-19', NULL, NULL);
INSERT INTO `ata_docs` VALUES ('2012-07-16', 97, 5, 20, 12, '2012-09-19', NULL, NULL);
INSERT INTO `ata_docs` VALUES ('2012-07-17', 23, 1, 4, 6, '2012-09-19', NULL, NULL);
INSERT INTO `ata_docs` VALUES ('2012-07-18', 39, 2, 4, 9, '2012-09-19', NULL, NULL);
INSERT INTO `ata_docs` VALUES ('2012-07-19', 22, 2, 5, 4, '2012-09-19', NULL, NULL);
INSERT INTO `ata_docs` VALUES ('2012-07-20', 31, 4, 5, 6, '2012-09-19', NULL, NULL);
INSERT INTO `ata_docs` VALUES ('2012-07-23', 18, 5, 8, 9, '2012-09-19', NULL, NULL);
INSERT INTO `ata_docs` VALUES ('2012-07-24', 21, 3, 3, 4, '2012-09-19', NULL, NULL);
INSERT INTO `ata_docs` VALUES ('2012-07-25', 34, 5, 11, 6, '2012-09-19', NULL, NULL);
INSERT INTO `ata_docs` VALUES ('2012-07-26', 32, 5, 5, 8, '2012-09-19', NULL, NULL);
INSERT INTO `ata_docs` VALUES ('2012-07-30', 95, 7, 43, 17, '2012-09-19', NULL, NULL);
INSERT INTO `ata_docs` VALUES ('2012-07-31', 62, 3, 8, 7, '2012-09-19', NULL, NULL);
INSERT INTO `ata_docs` VALUES ('2012-08-01', 66, 6, 3, 9, '2012-09-19', NULL, NULL);
INSERT INTO `ata_docs` VALUES ('2012-08-02', 41, 2, 7, 9, '2012-09-19', NULL, NULL);
INSERT INTO `ata_docs` VALUES ('2012-08-03', 65, 6, 8, 5, '2012-09-19', NULL, NULL);
INSERT INTO `ata_docs` VALUES ('2012-08-06', 88, 2, 16, 13, '2012-09-19', NULL, NULL);
INSERT INTO `ata_docs` VALUES ('2012-08-07', 44, 2, 3, 7, '2012-09-19', NULL, NULL);
INSERT INTO `ata_docs` VALUES ('2012-08-08', 84, 1, 7, 4, '2012-09-19', NULL, NULL);
INSERT INTO `ata_docs` VALUES ('2012-08-09', 44, 2, 4, 3, '2012-09-19', NULL, NULL);
INSERT INTO `ata_docs` VALUES ('2012-08-10', 56, 7, 6, 8, '2012-09-19', NULL, NULL);
INSERT INTO `ata_docs` VALUES ('2012-08-13', 42, 6, 10, 7, '2012-09-19', NULL, NULL);
INSERT INTO `ata_docs` VALUES ('2012-08-14', 17, 6, 13, 7, '2012-09-19', NULL, NULL);
INSERT INTO `ata_docs` VALUES ('2012-08-15', 95, 7, 9, 13, '2012-09-19', NULL, NULL);
INSERT INTO `ata_docs` VALUES ('2012-08-16', 17, 4, 27, 5, '2012-09-19', NULL, NULL);
INSERT INTO `ata_docs` VALUES ('2012-08-17', 29, 6, 4, 1, '2012-09-19', NULL, NULL);
INSERT INTO `ata_docs` VALUES ('2012-08-20', 61, 6, 6, 10, '2012-09-19', NULL, NULL);
INSERT INTO `ata_docs` VALUES ('2012-08-21', 19, 3, 6, 7, '2012-09-19', NULL, NULL);
INSERT INTO `ata_docs` VALUES ('2012-08-22', 5, 1, 12, 3, '2012-09-19', NULL, NULL);
INSERT INTO `ata_docs` VALUES ('2012-08-23', 13, 1, 5, 4, '2012-09-19', NULL, NULL);
INSERT INTO `ata_docs` VALUES ('2012-08-24', 18, 1, 4, 10, '2012-09-19', NULL, NULL);
INSERT INTO `ata_docs` VALUES ('2012-08-27', 22, 5, 18, 6, '2012-09-19', NULL, NULL);
INSERT INTO `ata_docs` VALUES ('2012-08-28', 21, 0, 2, 0, '2012-09-19', NULL, NULL);
INSERT INTO `ata_docs` VALUES ('2012-08-29', 33, 4, 6, 5, '2012-09-19', NULL, NULL);
INSERT INTO `ata_docs` VALUES ('2012-08-30', 103, 7, 35, 12, '2012-09-19', NULL, NULL);
INSERT INTO `ata_docs` VALUES ('2012-08-31', 72, 6, 7, 6, '2012-09-19', NULL, NULL);
INSERT INTO `ata_docs` VALUES ('2012-09-03', 118, 3, 18, 13, '2013-02-22', NULL, NULL);
INSERT INTO `ata_docs` VALUES ('2012-09-04', 47, 2, 4, 5, '2013-02-22', NULL, NULL);
INSERT INTO `ata_docs` VALUES ('2012-09-05', 72, 9, 13, 10, '2013-02-22', NULL, NULL);
INSERT INTO `ata_docs` VALUES ('2012-09-06', 48, 2, 7, 6, '2013-02-22', NULL, NULL);
INSERT INTO `ata_docs` VALUES ('2012-09-10', 78, 6, 22, 17, '2013-02-22', NULL, NULL);
INSERT INTO `ata_docs` VALUES ('2012-09-11', 91, 5, 6, 9, '2013-02-22', NULL, NULL);
INSERT INTO `ata_docs` VALUES ('2012-09-12', 43, 2, 3, 10, '2013-02-22', NULL, NULL);
INSERT INTO `ata_docs` VALUES ('2012-09-13', 27, 5, 8, 9, '2013-02-22', NULL, NULL);
INSERT INTO `ata_docs` VALUES ('2012-09-14', 62, 6, 12, 7, '2013-02-22', NULL, NULL);
INSERT INTO `ata_docs` VALUES ('2012-09-17', 71, 4, 21, 15, '2013-02-22', NULL, NULL);
INSERT INTO `ata_docs` VALUES ('2012-09-18', 17, 1, 7, 2, '2013-02-22', NULL, NULL);
INSERT INTO `ata_docs` VALUES ('2012-09-19', 53, 4, 7, 11, '2013-02-22', NULL, NULL);
INSERT INTO `ata_docs` VALUES ('2012-09-20', 21, 3, 19, 8, '2013-02-22', NULL, NULL);
INSERT INTO `ata_docs` VALUES ('2012-09-21', 20, 2, 7, 10, '2013-02-22', NULL, NULL);
INSERT INTO `ata_docs` VALUES ('2012-09-24', 25, 4, 11, 15, '2013-02-22', NULL, NULL);
INSERT INTO `ata_docs` VALUES ('2012-09-25', 20, 3, 10, 11, '2013-02-22', NULL, NULL);
INSERT INTO `ata_docs` VALUES ('2012-09-26', 15, 2, 3, 6, '2013-02-22', NULL, NULL);
INSERT INTO `ata_docs` VALUES ('2012-09-27', 29, 0, 5, 3, '2013-02-22', NULL, NULL);
INSERT INTO `ata_docs` VALUES ('2012-09-28', 139, 5, 3, 14, '2013-02-22', NULL, NULL);
INSERT INTO `ata_docs` VALUES ('2012-10-01', 104, 5, 52, 14, '2013-02-22', NULL, NULL);
INSERT INTO `ata_docs` VALUES ('2012-10-02', 46, 6, 14, 7, '2013-02-22', NULL, NULL);
INSERT INTO `ata_docs` VALUES ('2012-10-03', 56, 5, 3, 7, '2013-02-22', NULL, NULL);
INSERT INTO `ata_docs` VALUES ('2012-10-04', 42, 8, 9, 9, '2013-02-22', NULL, NULL);
INSERT INTO `ata_docs` VALUES ('2012-10-05', 61, 3, 8, 13, '2013-02-22', NULL, NULL);
INSERT INTO `ata_docs` VALUES ('2012-10-08', 40, 6, 13, 22, '2013-02-22', NULL, NULL);
INSERT INTO `ata_docs` VALUES ('2012-10-09', 107, 9, 2, 10, '2013-02-22', NULL, NULL);
INSERT INTO `ata_docs` VALUES ('2012-10-10', 52, 7, 20, 18, '2013-02-22', NULL, NULL);
INSERT INTO `ata_docs` VALUES ('2012-10-11', 49, 6, 18, 6, '2013-02-22', NULL, NULL);
INSERT INTO `ata_docs` VALUES ('2012-10-15', 116, 5, 22, 9, '2013-02-22', NULL, NULL);
INSERT INTO `ata_docs` VALUES ('2012-10-16', 18, 4, 7, 4, '2013-02-22', NULL, NULL);
INSERT INTO `ata_docs` VALUES ('2012-10-17', 30, 3, 13, 9, '2013-02-22', NULL, NULL);
INSERT INTO `ata_docs` VALUES ('2012-10-18', 19, 1, 3, 3, '2013-02-22', NULL, NULL);
INSERT INTO `ata_docs` VALUES ('2012-10-19', 30, 6, 5, 8, '2013-02-22', NULL, NULL);
INSERT INTO `ata_docs` VALUES ('2012-10-22', 31, 4, 14, 10, '2013-02-22', NULL, NULL);
INSERT INTO `ata_docs` VALUES ('2012-10-23', 12, 1, 2, 3, '2013-02-22', NULL, NULL);
INSERT INTO `ata_docs` VALUES ('2012-10-24', 9, 0, 6, 7, '2013-02-22', NULL, NULL);
INSERT INTO `ata_docs` VALUES ('2012-10-25', 41, 5, 5, 3, '2013-02-22', NULL, NULL);
INSERT INTO `ata_docs` VALUES ('2012-10-26', 43, 11, 6, 10, '2013-02-22', NULL, NULL);
INSERT INTO `ata_docs` VALUES ('2012-10-29', 41, 2, 14, 6, '2013-02-22', NULL, NULL);
INSERT INTO `ata_docs` VALUES ('2012-10-30', 125, 7, 34, 9, '2013-02-22', NULL, NULL);
INSERT INTO `ata_docs` VALUES ('2012-10-31', 63, 2, 24, 9, '2013-02-22', NULL, NULL);
INSERT INTO `ata_docs` VALUES ('2012-11-01', 75, 5, 9, 6, '2013-02-22', NULL, NULL);
INSERT INTO `ata_docs` VALUES ('2012-11-05', 131, 6, 22, 14, '2013-02-22', NULL, NULL);
INSERT INTO `ata_docs` VALUES ('2012-11-06', 21, 5, 9, 12, '2013-02-22', NULL, NULL);
INSERT INTO `ata_docs` VALUES ('2012-11-07', 41, 3, 11, 13, '2013-02-22', NULL, NULL);
INSERT INTO `ata_docs` VALUES ('2012-11-08', 35, 5, 8, 6, '2013-02-22', NULL, NULL);
INSERT INTO `ata_docs` VALUES ('2012-11-09', 67, 5, 8, 19, '2013-02-22', NULL, NULL);
INSERT INTO `ata_docs` VALUES ('2012-11-12', 81, 8, 24, 17, '2013-02-22', NULL, NULL);
INSERT INTO `ata_docs` VALUES ('2012-11-13', 52, 5, 2, 7, '2013-02-22', NULL, NULL);
INSERT INTO `ata_docs` VALUES ('2012-11-14', 46, 7, 6, 13, '2013-02-22', NULL, NULL);
INSERT INTO `ata_docs` VALUES ('2012-11-16', 18, 0, 0, 3, '2013-02-22', NULL, NULL);
INSERT INTO `ata_docs` VALUES ('2012-11-19', 55, 2, 22, 15, '2013-02-22', NULL, NULL);
INSERT INTO `ata_docs` VALUES ('2012-11-20', 74, 4, 15, 18, '2013-02-22', NULL, NULL);
INSERT INTO `ata_docs` VALUES ('2012-11-21', 30, 2, 10, 13, '2013-02-22', NULL, NULL);
INSERT INTO `ata_docs` VALUES ('2012-11-22', 19, 0, 2, 7, '2013-02-22', NULL, NULL);
INSERT INTO `ata_docs` VALUES ('2012-11-23', 33, 4, 10, 12, '2013-02-22', NULL, NULL);
INSERT INTO `ata_docs` VALUES ('2012-11-26', 41, 2, 16, 17, '2013-02-22', NULL, NULL);
INSERT INTO `ata_docs` VALUES ('2012-11-27', 11, 0, 8, 5, '2013-02-22', NULL, NULL);
INSERT INTO `ata_docs` VALUES ('2012-11-28', 36, 1, 10, 5, '2013-02-22', NULL, NULL);
INSERT INTO `ata_docs` VALUES ('2012-11-29', 26, 1, 8, 8, '2013-02-22', NULL, NULL);
INSERT INTO `ata_docs` VALUES ('2012-11-30', 135, 11, 20, 25, '2013-02-22', NULL, NULL);
INSERT INTO `ata_docs` VALUES ('2012-12-03', 121, 8, 32, 23, '2013-02-22', NULL, NULL);
INSERT INTO `ata_docs` VALUES ('2012-12-04', 46, 3, 9, 5, '2013-02-22', NULL, NULL);
INSERT INTO `ata_docs` VALUES ('2012-12-05', 57, 1, 13, 8, '2013-02-22', NULL, NULL);
INSERT INTO `ata_docs` VALUES ('2012-12-06', 52, 1, 8, 10, '2013-02-22', NULL, NULL);
INSERT INTO `ata_docs` VALUES ('2012-12-07', 44, 10, 5, 24, '2013-02-22', NULL, NULL);
INSERT INTO `ata_docs` VALUES ('2012-12-10', 76, 9, 19, 6, '2013-02-22', NULL, NULL);
INSERT INTO `ata_docs` VALUES ('2012-12-11', 72, 5, 10, 7, '2013-02-22', NULL, NULL);
INSERT INTO `ata_docs` VALUES ('2012-12-12', 55, 2, 14, 9, '2013-02-22', NULL, NULL);
INSERT INTO `ata_docs` VALUES ('2012-12-13', 13, 3, 12, 7, '2013-02-22', NULL, NULL);
INSERT INTO `ata_docs` VALUES ('2012-12-14', 69, 3, 10, 9, '2013-02-22', NULL, NULL);
INSERT INTO `ata_docs` VALUES ('2012-12-17', 90, 4, 34, 13, '2013-02-22', NULL, NULL);
INSERT INTO `ata_docs` VALUES ('2012-12-18', 37, 4, 3, 6, '2013-02-22', NULL, NULL);
INSERT INTO `ata_docs` VALUES ('2012-12-19', 37, 4, 5, 6, '2013-02-22', NULL, NULL);
INSERT INTO `ata_docs` VALUES ('2012-12-20', 51, 4, 15, 9, '2013-02-22', NULL, NULL);
INSERT INTO `ata_docs` VALUES ('2012-12-21', 25, 3, 3, 1, '2013-02-22', NULL, NULL);
INSERT INTO `ata_docs` VALUES ('2012-12-24', 3, 0, 5, 3, '2013-02-22', NULL, NULL);
INSERT INTO `ata_docs` VALUES ('2012-12-26', 29, 5, 11, 3, '2013-02-22', NULL, NULL);
INSERT INTO `ata_docs` VALUES ('2012-12-27', 82, 12, 8, 10, '2013-02-22', NULL, NULL);
INSERT INTO `ata_docs` VALUES ('2012-12-28', 139, 8, 7, 13, '2013-02-22', NULL, NULL);
INSERT INTO `ata_docs` VALUES ('2013-01-02', 95, 4, 33, 14, '2013-02-22', NULL, NULL);
INSERT INTO `ata_docs` VALUES ('2013-01-03', 61, 1, 8, 1, '2013-02-22', NULL, NULL);
INSERT INTO `ata_docs` VALUES ('2013-01-04', 50, 1, 7, 2, '2013-02-22', NULL, NULL);
INSERT INTO `ata_docs` VALUES ('2013-01-07', 70, 2, 10, 10, '2013-02-22', NULL, NULL);
INSERT INTO `ata_docs` VALUES ('2013-01-08', 54, 5, 5, 7, '2013-02-22', NULL, NULL);
INSERT INTO `ata_docs` VALUES ('2013-01-09', 57, 5, 7, 5, '2013-02-22', NULL, NULL);
INSERT INTO `ata_docs` VALUES ('2013-01-10', 48, 7, 3, 5, '2013-02-22', NULL, NULL);
INSERT INTO `ata_docs` VALUES ('2013-01-11', 109, 6, 10, 3, '2013-02-22', NULL, NULL);
INSERT INTO `ata_docs` VALUES ('2013-01-14', 38, 3, 14, 2, '2013-02-22', NULL, NULL);
INSERT INTO `ata_docs` VALUES ('2013-01-15', 86, 7, 21, 14, '2013-02-22', NULL, NULL);
INSERT INTO `ata_docs` VALUES ('2013-01-16', 32, 0, 6, 5, '2013-02-22', NULL, NULL);
INSERT INTO `ata_docs` VALUES ('2013-01-17', 16, 1, 1, 5, '2013-02-22', NULL, NULL);
INSERT INTO `ata_docs` VALUES ('2013-01-18', 41, 6, 4, 3, '2013-02-22', NULL, NULL);
INSERT INTO `ata_docs` VALUES ('2013-01-21', 25, 1, 4, 7, '2013-02-22', NULL, NULL);
INSERT INTO `ata_docs` VALUES ('2013-01-22', 13, 1, 6, 2, '2013-02-22', NULL, NULL);
INSERT INTO `ata_docs` VALUES ('2013-01-23', 13, 5, 13, 7, '2013-02-22', NULL, NULL);
INSERT INTO `ata_docs` VALUES ('2013-01-24', 14, 2, 4, 5, '2013-02-22', NULL, NULL);
INSERT INTO `ata_docs` VALUES ('2013-01-25', 28, 3, 2, 3, '2013-02-22', NULL, NULL);
INSERT INTO `ata_docs` VALUES ('2013-01-28', 30, 4, 5, 2, '2013-02-22', NULL, NULL);
INSERT INTO `ata_docs` VALUES ('2013-01-29', 26, 2, 2, 2, '2013-02-22', NULL, NULL);
INSERT INTO `ata_docs` VALUES ('2013-01-30', 174, 7, 16, 11, '2013-02-22', NULL, NULL);
INSERT INTO `ata_docs` VALUES ('2013-01-31', 64, 3, 6, 7, '2013-02-22', NULL, NULL);
INSERT INTO `ata_docs` VALUES ('2013-02-01', 76, 2, 18, 13, '2013-04-15', NULL, NULL);
INSERT INTO `ata_docs` VALUES ('2013-02-04', 76, 2, 3, 4, '2013-04-15', NULL, NULL);
INSERT INTO `ata_docs` VALUES ('2013-02-05', 68, 3, 4, 10, '2013-04-15', NULL, NULL);
INSERT INTO `ata_docs` VALUES ('2013-02-06', 40, 1, 13, 10, '2013-04-15', NULL, NULL);
INSERT INTO `ata_docs` VALUES ('2013-02-07', 32, 3, 0, 5, '2013-04-15', NULL, NULL);
INSERT INTO `ata_docs` VALUES ('2013-02-08', 117, 8, 1, 8, '2013-04-15', NULL, NULL);
INSERT INTO `ata_docs` VALUES ('2013-02-13', 36, 0, 13, 11, '2013-04-15', NULL, NULL);
INSERT INTO `ata_docs` VALUES ('2013-02-14', 45, 3, 18, 12, '2013-04-15', NULL, NULL);
INSERT INTO `ata_docs` VALUES ('2013-02-15', 94, 7, 14, 11, '2013-04-15', NULL, NULL);
INSERT INTO `ata_docs` VALUES ('2013-02-18', 38, 3, 13, 8, '2013-04-15', NULL, NULL);
INSERT INTO `ata_docs` VALUES ('2013-02-19', 25, 3, 10, 6, '2013-04-15', NULL, NULL);
INSERT INTO `ata_docs` VALUES ('2013-02-20', 28, 2, 17, 10, '2013-04-15', NULL, NULL);
INSERT INTO `ata_docs` VALUES ('2013-02-21', 16, 2, 6, 1, '2013-04-15', NULL, NULL);
INSERT INTO `ata_docs` VALUES ('2013-02-22', 29, 2, 11, 4, '2013-04-15', NULL, NULL);
INSERT INTO `ata_docs` VALUES ('2013-02-25', 43, 4, 9, 4, '2013-04-15', NULL, NULL);
INSERT INTO `ata_docs` VALUES ('2013-02-26', 22, 5, 4, 2, '2013-04-15', NULL, NULL);
INSERT INTO `ata_docs` VALUES ('2013-02-27', 21, 2, 5, 3, '2013-04-15', NULL, NULL);
INSERT INTO `ata_docs` VALUES ('2013-02-28', 167, 8, 17, 13, '2013-04-15', NULL, NULL);
INSERT INTO `ata_docs` VALUES ('2013-03-01', 113, 7, 5, 5, '2013-04-15', NULL, NULL);
INSERT INTO `ata_docs` VALUES ('2013-03-04', 114, 3, 16, 13, '2013-04-15', NULL, NULL);
INSERT INTO `ata_docs` VALUES ('2013-03-05', 77, 6, 3, 19, '2013-04-15', NULL, NULL);
INSERT INTO `ata_docs` VALUES ('2013-03-06', 38, 4, 5, 4, '2013-04-15', NULL, NULL);
INSERT INTO `ata_docs` VALUES ('2013-03-07', 62, 4, 5, 7, '2013-04-15', NULL, NULL);
INSERT INTO `ata_docs` VALUES ('2013-03-08', 48, 11, 7, 4, '2013-04-15', NULL, NULL);
INSERT INTO `ata_docs` VALUES ('2013-03-11', 142, 4, 9, 10, '2013-04-15', NULL, NULL);
INSERT INTO `ata_docs` VALUES ('2013-03-12', 40, 5, 10, 4, '2013-04-15', NULL, NULL);
INSERT INTO `ata_docs` VALUES ('2013-03-13', 48, 4, 2, 8, '2013-04-15', NULL, NULL);
INSERT INTO `ata_docs` VALUES ('2013-03-14', 28, 1, 9, 5, '2013-04-15', NULL, NULL);
INSERT INTO `ata_docs` VALUES ('2013-03-15', 120, 9, 9, 12, '2013-04-15', NULL, NULL);
INSERT INTO `ata_docs` VALUES ('2013-03-18', 20, 0, 0, 4, '2013-04-15', NULL, NULL);
INSERT INTO `ata_docs` VALUES ('2013-03-20', 43, 4, 16, 8, '2013-04-15', NULL, NULL);
INSERT INTO `ata_docs` VALUES ('2013-03-21', 35, 6, 8, 5, '2013-04-15', NULL, NULL);
INSERT INTO `ata_docs` VALUES ('2013-03-22', 40, 7, 16, 6, '2013-04-15', NULL, NULL);
INSERT INTO `ata_docs` VALUES ('2013-03-25', 60, 3, 8, 15, '2013-04-15', NULL, NULL);
INSERT INTO `ata_docs` VALUES ('2013-03-26', 37, 4, 7, 4, '2013-04-15', NULL, NULL);
INSERT INTO `ata_docs` VALUES ('2013-03-27', 120, 14, 3, 11, '2013-04-15', NULL, NULL);
INSERT INTO `ata_docs` VALUES ('2013-03-28', 45, 4, 6, 2, '2013-04-15', NULL, NULL);
INSERT INTO `ata_docs` VALUES ('2013-04-01', 139, 2, 18, 8, '2013-07-17', NULL, NULL);
INSERT INTO `ata_docs` VALUES ('2013-04-02', 71, 3, 14, 5, '2013-07-17', NULL, NULL);
INSERT INTO `ata_docs` VALUES ('2013-04-03', 76, 5, 4, 10, '2013-07-17', NULL, NULL);
INSERT INTO `ata_docs` VALUES ('2013-04-04', 41, 1, 11, 3, '2013-07-17', NULL, NULL);
INSERT INTO `ata_docs` VALUES ('2013-04-05', 85, 8, 7, 8, '2013-07-17', NULL, NULL);
INSERT INTO `ata_docs` VALUES ('2013-04-08', 45, 5, 10, 13, '2013-07-17', NULL, NULL);
INSERT INTO `ata_docs` VALUES ('2013-04-09', 111, 2, 5, 7, '2013-07-17', NULL, NULL);
INSERT INTO `ata_docs` VALUES ('2013-04-10', 123, 7, 10, 6, '2013-07-17', NULL, NULL);
INSERT INTO `ata_docs` VALUES ('2013-04-11', 20, 4, 8, 3, '2013-07-17', NULL, NULL);
INSERT INTO `ata_docs` VALUES ('2013-04-12', 24, 5, 6, 7, '2013-07-17', NULL, NULL);
INSERT INTO `ata_docs` VALUES ('2013-04-15', 88, 5, 16, 9, '2013-07-17', NULL, NULL);
INSERT INTO `ata_docs` VALUES ('2013-04-16', 43, 3, 6, 2, '2013-07-17', NULL, NULL);
INSERT INTO `ata_docs` VALUES ('2013-04-17', 21, 3, 5, 10, '2013-07-17', NULL, NULL);
INSERT INTO `ata_docs` VALUES ('2013-04-18', 17, 0, 2, 4, '2013-07-17', NULL, NULL);
INSERT INTO `ata_docs` VALUES ('2013-04-19', 39, 5, 3, 8, '2013-07-17', NULL, NULL);
INSERT INTO `ata_docs` VALUES ('2013-04-22', 42, 4, 11, 11, '2013-07-17', NULL, NULL);
INSERT INTO `ata_docs` VALUES ('2013-04-23', 14, 3, 1, 2, '2013-07-17', NULL, NULL);
INSERT INTO `ata_docs` VALUES ('2013-04-24', 23, 4, 5, 4, '2013-07-17', NULL, NULL);
INSERT INTO `ata_docs` VALUES ('2013-04-25', 36, 1, 11, 8, '2013-07-17', NULL, NULL);
INSERT INTO `ata_docs` VALUES ('2013-04-26', 21, 3, 3, 5, '2013-07-17', NULL, NULL);
INSERT INTO `ata_docs` VALUES ('2013-04-29', 36, 3, 6, 4, '2013-07-17', NULL, NULL);
INSERT INTO `ata_docs` VALUES ('2013-04-30', 201, 12, 20, 13, '2013-07-17', NULL, NULL);
INSERT INTO `ata_docs` VALUES ('2013-05-02', 142, 4, 8, 7, '2013-07-17', NULL, NULL);
INSERT INTO `ata_docs` VALUES ('2013-05-03', 99, 7, 12, 6, '2013-07-17', NULL, NULL);
INSERT INTO `ata_docs` VALUES ('2013-05-06', 67, 2, 13, 9, '2013-07-17', NULL, NULL);
INSERT INTO `ata_docs` VALUES ('2013-05-07', 46, 1, 5, 9, '2013-07-17', NULL, NULL);
INSERT INTO `ata_docs` VALUES ('2013-05-08', 37, 5, 10, 7, '2013-07-17', NULL, NULL);
INSERT INTO `ata_docs` VALUES ('2013-05-09', 31, 4, 5, 5, '2013-07-17', NULL, NULL);
INSERT INTO `ata_docs` VALUES ('2013-05-10', 175, 7, 6, 16, '2013-07-17', NULL, NULL);
INSERT INTO `ata_docs` VALUES ('2013-05-13', 30, 2, 24, 7, '2013-07-17', NULL, NULL);
INSERT INTO `ata_docs` VALUES ('2013-05-14', 29, 2, 7, 5, '2013-07-17', NULL, NULL);
INSERT INTO `ata_docs` VALUES ('2013-05-15', 145, 5, 11, 16, '2013-07-17', NULL, NULL);
INSERT INTO `ata_docs` VALUES ('2013-05-16', 17, 4, 4, 4, '2013-07-17', NULL, NULL);
INSERT INTO `ata_docs` VALUES ('2013-05-17', 31, 2, 1, 8, '2013-07-17', NULL, NULL);
INSERT INTO `ata_docs` VALUES ('2013-05-20', 43, 3, 16, 6, '2013-07-17', NULL, NULL);
INSERT INTO `ata_docs` VALUES ('2013-05-21', 19, 1, 12, 17, '2013-07-17', NULL, NULL);
INSERT INTO `ata_docs` VALUES ('2013-05-22', 14, 0, 7, 4, '2013-07-17', NULL, NULL);
INSERT INTO `ata_docs` VALUES ('2013-05-23', 13, 1, 4, 4, '2013-07-17', NULL, NULL);
INSERT INTO `ata_docs` VALUES ('2013-05-24', 27, 3, 2, 4, '2013-07-17', NULL, NULL);
INSERT INTO `ata_docs` VALUES ('2013-05-27', 55, 0, 7, 6, '2013-07-17', NULL, NULL);
INSERT INTO `ata_docs` VALUES ('2013-05-28', 34, 2, 6, 1, '2013-07-17', NULL, NULL);
INSERT INTO `ata_docs` VALUES ('2013-05-29', 223, 11, 5, 10, '2013-07-17', NULL, NULL);
INSERT INTO `ata_docs` VALUES ('2013-05-31', 54, 0, 3, 6, '2013-07-17', NULL, NULL);
INSERT INTO `ata_docs` VALUES ('2013-06-03', 155, 6, 13, 9, '2013-07-17', NULL, NULL);
INSERT INTO `ata_docs` VALUES ('2013-06-04', 56, 1, 11, 6, '2013-07-17', NULL, NULL);
INSERT INTO `ata_docs` VALUES ('2013-06-05', 38, 6, 17, 11, '2013-07-17', NULL, NULL);
INSERT INTO `ata_docs` VALUES ('2013-06-06', 31, 6, 5, 10, '2013-07-17', NULL, NULL);
INSERT INTO `ata_docs` VALUES ('2013-06-07', 50, 5, 3, 4, '2013-07-17', NULL, NULL);
INSERT INTO `ata_docs` VALUES ('2013-06-10', 117, 7, 15, 22, '2013-07-17', NULL, NULL);
INSERT INTO `ata_docs` VALUES ('2013-06-11', 79, 2, 11, 3, '2013-07-17', NULL, NULL);
INSERT INTO `ata_docs` VALUES ('2013-06-12', 20, 1, 13, 14, '2013-07-17', NULL, NULL);
INSERT INTO `ata_docs` VALUES ('2013-06-13', 55, 8, 0, 8, '2013-07-17', NULL, NULL);
INSERT INTO `ata_docs` VALUES ('2013-06-14', 78, 7, 2, 6, '2013-07-17', NULL, NULL);
INSERT INTO `ata_docs` VALUES ('2013-06-17', 90, 4, 12, 17, '2013-07-17', NULL, NULL);
INSERT INTO `ata_docs` VALUES ('2013-06-18', 25, 1, 12, 9, '2013-07-17', NULL, NULL);
INSERT INTO `ata_docs` VALUES ('2013-06-19', 49, 3, 3, 5, '2013-07-17', NULL, NULL);
INSERT INTO `ata_docs` VALUES ('2013-06-20', 38, 3, 5, 4, '2013-07-17', NULL, NULL);
INSERT INTO `ata_docs` VALUES ('2013-06-21', 32, 4, 6, 6, '2013-07-17', NULL, NULL);
INSERT INTO `ata_docs` VALUES ('2013-06-24', 35, 2, 6, 9, '2013-07-17', NULL, NULL);
INSERT INTO `ata_docs` VALUES ('2013-06-25', 27, 2, 11, 12, '2013-07-17', NULL, NULL);
INSERT INTO `ata_docs` VALUES ('2013-06-26', 32, 2, 1, 8, '2013-07-17', NULL, NULL);
INSERT INTO `ata_docs` VALUES ('2013-06-27', 26, 3, 5, 4, '2013-07-17', NULL, NULL);
INSERT INTO `ata_docs` VALUES ('2013-06-28', 177, 9, 8, 11, '2013-07-17', NULL, NULL);
INSERT INTO `ata_docs` VALUES ('2013-07-01', 136, 4, 11, 10, '2013-11-19', NULL, NULL);
INSERT INTO `ata_docs` VALUES ('2013-07-02', 70, 2, 15, 11, '2013-11-19', NULL, NULL);
INSERT INTO `ata_docs` VALUES ('2013-07-03', 80, 2, 8, 7, '2013-11-19', NULL, NULL);
INSERT INTO `ata_docs` VALUES ('2013-07-04', 58, 6, 2, 5, '2013-11-19', NULL, NULL);
INSERT INTO `ata_docs` VALUES ('2013-07-05', 79, 13, 26, 13, '2013-11-19', NULL, NULL);
INSERT INTO `ata_docs` VALUES ('2013-07-08', 22, 0, 3, 5, '2013-11-19', NULL, NULL);
INSERT INTO `ata_docs` VALUES ('2013-07-10', 125, 2, 20, 20, '2013-11-19', NULL, NULL);
INSERT INTO `ata_docs` VALUES ('2013-07-11', 74, 4, 6, 7, '2013-11-19', NULL, NULL);
INSERT INTO `ata_docs` VALUES ('2013-07-12', 40, 7, 8, 8, '2013-11-19', NULL, NULL);
INSERT INTO `ata_docs` VALUES ('2013-07-15', 124, 4, 22, 20, '2013-11-19', NULL, NULL);
INSERT INTO `ata_docs` VALUES ('2013-07-16', 28, 1, 0, 7, '2013-11-19', NULL, NULL);
INSERT INTO `ata_docs` VALUES ('2013-07-17', 54, 3, 5, 2, '2013-11-19', NULL, NULL);
INSERT INTO `ata_docs` VALUES ('2013-07-18', 28, 1, 9, 5, '2013-11-19', NULL, NULL);
INSERT INTO `ata_docs` VALUES ('2013-07-19', 32, 1, 3, 6, '2013-11-19', NULL, NULL);
INSERT INTO `ata_docs` VALUES ('2013-07-22', 44, 2, 9, 7, '2013-11-19', NULL, NULL);
INSERT INTO `ata_docs` VALUES ('2013-07-23', 14, 0, 3, 4, '2013-11-19', NULL, NULL);
INSERT INTO `ata_docs` VALUES ('2013-07-24', 22, 3, 0, 4, '2013-11-19', NULL, NULL);
INSERT INTO `ata_docs` VALUES ('2013-07-25', 21, 2, 2, 2, '2013-11-19', NULL, NULL);
INSERT INTO `ata_docs` VALUES ('2013-07-26', 13, 4, 1, 3, '2013-11-19', NULL, NULL);
INSERT INTO `ata_docs` VALUES ('2013-07-29', 51, 0, 6, 2, '2013-11-19', NULL, NULL);
INSERT INTO `ata_docs` VALUES ('2013-07-30', 152, 9, 11, 9, '2013-11-19', NULL, NULL);
INSERT INTO `ata_docs` VALUES ('2013-07-31', 85, 3, 5, 8, '2013-11-19', NULL, NULL);
INSERT INTO `ata_docs` VALUES ('2013-08-01', 85, 1, 6, 9, '2013-11-19', NULL, NULL);
INSERT INTO `ata_docs` VALUES ('2013-08-02', 61, 7, 2, 7, '2013-11-19', NULL, NULL);
INSERT INTO `ata_docs` VALUES ('2013-08-05', 107, 4, 7, 11, '2013-11-19', NULL, NULL);
INSERT INTO `ata_docs` VALUES ('2013-08-06', 51, 7, 10, 8, '2013-11-19', NULL, NULL);
INSERT INTO `ata_docs` VALUES ('2013-08-07', 41, 4, 17, 5, '2013-11-19', NULL, NULL);
INSERT INTO `ata_docs` VALUES ('2013-08-08', 103, 2, 5, 6, '2013-11-19', NULL, NULL);
INSERT INTO `ata_docs` VALUES ('2013-08-09', 76, 3, 7, 10, '2013-11-19', NULL, NULL);
INSERT INTO `ata_docs` VALUES ('2013-08-12', 91, 3, 18, 14, '2013-11-19', NULL, NULL);
INSERT INTO `ata_docs` VALUES ('2013-08-13', 45, 5, 7, 9, '2013-11-19', NULL, NULL);
INSERT INTO `ata_docs` VALUES ('2013-08-14', 37, 1, 3, 6, '2013-11-19', NULL, NULL);
INSERT INTO `ata_docs` VALUES ('2013-08-15', 108, 11, 10, 13, '2013-11-19', NULL, NULL);
INSERT INTO `ata_docs` VALUES ('2013-08-16', 43, 1, 1, 8, '2013-11-19', NULL, NULL);
INSERT INTO `ata_docs` VALUES ('2013-08-19', 45, 1, 2, 8, '2013-11-19', NULL, NULL);
INSERT INTO `ata_docs` VALUES ('2013-08-20', 44, 1, 11, 6, '2013-11-19', NULL, NULL);
INSERT INTO `ata_docs` VALUES ('2013-08-21', 33, 1, 4, 6, '2013-11-19', NULL, NULL);
INSERT INTO `ata_docs` VALUES ('2013-08-22', 6, 2, 2, 5, '2013-11-19', NULL, NULL);
INSERT INTO `ata_docs` VALUES ('2013-08-23', 38, 5, 2, 6, '2013-11-19', NULL, NULL);
INSERT INTO `ata_docs` VALUES ('2013-08-26', 21, 4, 8, 2, '2013-11-19', NULL, NULL);
INSERT INTO `ata_docs` VALUES ('2013-08-27', 35, 1, 4, 3, '2013-11-19', NULL, NULL);
INSERT INTO `ata_docs` VALUES ('2013-08-28', 17, 1, 9, 1, '2013-11-19', NULL, NULL);
INSERT INTO `ata_docs` VALUES ('2013-08-29', 18, 1, 2, 2, '2013-11-19', NULL, NULL);
INSERT INTO `ata_docs` VALUES ('2013-08-30', 211, 14, 19, 6, '2013-11-19', NULL, NULL);
INSERT INTO `ata_docs` VALUES ('2013-09-02', 132, 2, 13, 7, '2013-11-19', NULL, NULL);
INSERT INTO `ata_docs` VALUES ('2013-09-03', 88, 2, 4, 4, '2013-11-19', NULL, NULL);
INSERT INTO `ata_docs` VALUES ('2013-09-04', 61, 3, 10, 3, '2013-11-19', NULL, NULL);
INSERT INTO `ata_docs` VALUES ('2013-09-05', 60, 2, 10, 6, '2013-11-19', NULL, NULL);
INSERT INTO `ata_docs` VALUES ('2013-09-06', 51, 10, 7, 11, '2013-11-19', NULL, NULL);
INSERT INTO `ata_docs` VALUES ('2013-09-09', 78, 2, 10, 11, '2013-11-19', NULL, NULL);
INSERT INTO `ata_docs` VALUES ('2013-09-10', 126, 2, 9, 7, '2013-11-19', NULL, NULL);
INSERT INTO `ata_docs` VALUES ('2013-09-11', 41, 3, 5, 6, '2013-11-19', NULL, NULL);
INSERT INTO `ata_docs` VALUES ('2013-09-12', 31, 6, 9, 5, '2013-11-19', NULL, NULL);
INSERT INTO `ata_docs` VALUES ('2013-09-13', 61, 3, 1, 4, '2013-11-19', NULL, NULL);
INSERT INTO `ata_docs` VALUES ('2013-09-16', 109, 4, 23, 12, '2013-11-19', NULL, NULL);
INSERT INTO `ata_docs` VALUES ('2013-09-17', 37, 4, 2, 7, '2013-11-19', NULL, NULL);
INSERT INTO `ata_docs` VALUES ('2013-09-18', 35, 5, 4, 3, '2013-11-19', NULL, NULL);
INSERT INTO `ata_docs` VALUES ('2013-09-19', 27, 0, 6, 3, '2013-11-19', NULL, NULL);
INSERT INTO `ata_docs` VALUES ('2013-09-20', 42, 1, 4, 8, '2013-11-19', NULL, NULL);
INSERT INTO `ata_docs` VALUES ('2013-09-23', 35, 2, 12, 9, '2013-11-19', NULL, NULL);
INSERT INTO `ata_docs` VALUES ('2013-09-24', 16, 2, 0, 7, '2013-11-19', NULL, NULL);
INSERT INTO `ata_docs` VALUES ('2013-09-25', 62, 2, 11, 14, '2013-11-19', NULL, NULL);
INSERT INTO `ata_docs` VALUES ('2013-09-26', 30, 1, 4, 2, '2013-11-19', NULL, NULL);
INSERT INTO `ata_docs` VALUES ('2013-09-27', 27, 1, 3, 7, '2013-11-19', NULL, NULL);
INSERT INTO `ata_docs` VALUES ('2013-09-30', 229, 5, 18, 21, '2013-11-19', NULL, NULL);
INSERT INTO `ata_docs` VALUES ('2013-10-01', 123, 1, 23, 13, '2013-11-19', NULL, NULL);
INSERT INTO `ata_docs` VALUES ('2013-10-02', 80, 1, 16, 7, '2013-11-19', NULL, NULL);
INSERT INTO `ata_docs` VALUES ('2013-10-03', 74, 1, 2, 9, '2013-11-19', NULL, NULL);
INSERT INTO `ata_docs` VALUES ('2013-10-04', 51, 4, 5, 11, '2013-11-19', NULL, NULL);
INSERT INTO `ata_docs` VALUES ('2013-10-07', 102, 6, 14, 19, '2013-11-19', NULL, NULL);
INSERT INTO `ata_docs` VALUES ('2013-10-08', 128, 7, 7, 12, '2013-11-19', NULL, NULL);
INSERT INTO `ata_docs` VALUES ('2013-10-09', 85, 9, 19, 11, '2013-11-19', NULL, NULL);
INSERT INTO `ata_docs` VALUES ('2013-10-10', 103, 3, 14, 21, '2013-11-19', NULL, NULL);
INSERT INTO `ata_docs` VALUES ('2013-10-11', 53, 3, 4, 3, '2013-11-19', NULL, NULL);
INSERT INTO `ata_docs` VALUES ('2013-10-14', 62, 1, 12, 9, '2013-11-19', NULL, NULL);
INSERT INTO `ata_docs` VALUES ('2013-10-15', 120, 5, 11, 9, '2013-11-19', NULL, NULL);
INSERT INTO `ata_docs` VALUES ('2013-10-16', 50, 1, 7, 9, '2013-11-19', NULL, NULL);
INSERT INTO `ata_docs` VALUES ('2013-10-17', 23, 2, 4, 2, '2013-11-19', NULL, NULL);
INSERT INTO `ata_docs` VALUES ('2013-10-18', 44, 3, 2, 12, '2013-11-19', NULL, NULL);
INSERT INTO `ata_docs` VALUES ('2013-10-21', 68, 1, 9, 9, '2013-11-19', NULL, NULL);
INSERT INTO `ata_docs` VALUES ('2013-10-22', 13, 1, 0, 4, '2013-11-19', NULL, NULL);
INSERT INTO `ata_docs` VALUES ('2013-10-23', 33, 6, 10, 3, '2013-11-19', NULL, NULL);
INSERT INTO `ata_docs` VALUES ('2013-10-24', 5, 2, 2, 1, '2013-11-19', NULL, NULL);
INSERT INTO `ata_docs` VALUES ('2013-10-25', 50, 4, 7, 5, '2013-11-19', NULL, NULL);
INSERT INTO `ata_docs` VALUES ('2013-10-28', 6, 0, 1, 3, '2013-11-19', NULL, NULL);
INSERT INTO `ata_docs` VALUES ('2013-10-29', 39, 0, 7, 5, '2013-11-19', NULL, NULL);
INSERT INTO `ata_docs` VALUES ('2013-10-30', 186, 7, 14, 11, '2013-11-19', NULL, NULL);
INSERT INTO `ata_docs` VALUES ('2013-10-31', 77, 5, 7, 4, '2013-11-19', NULL, NULL);
INSERT INTO `ata_docs` VALUES ('2013-11-01', 129, 4, 17, 5, '2014-06-04', NULL, NULL);
INSERT INTO `ata_docs` VALUES ('2013-11-04', 70, 1, 9, 10, '2014-06-04', NULL, NULL);
INSERT INTO `ata_docs` VALUES ('2013-11-05', 41, 1, 9, 10, '2014-06-04', NULL, NULL);
INSERT INTO `ata_docs` VALUES ('2013-11-06', 37, 1, 14, 6, '2014-06-04', NULL, NULL);
INSERT INTO `ata_docs` VALUES ('2013-11-07', 43, 3, 0, 8, '2014-06-04', NULL, NULL);
INSERT INTO `ata_docs` VALUES ('2013-11-08', 82, 2, 10, 7, '2014-06-04', NULL, NULL);
INSERT INTO `ata_docs` VALUES ('2013-11-11', 106, 5, 18, 11, '2014-06-04', NULL, NULL);
INSERT INTO `ata_docs` VALUES ('2013-11-12', 23, 1, 2, 1, '2014-06-04', NULL, NULL);
INSERT INTO `ata_docs` VALUES ('2013-11-13', 57, 5, 10, 8, '2014-06-04', NULL, NULL);
INSERT INTO `ata_docs` VALUES ('2013-11-14', 59, 4, 10, 7, '2014-06-04', NULL, NULL);
INSERT INTO `ata_docs` VALUES ('2013-11-18', 78, 5, 5, 13, '2014-06-04', NULL, NULL);
INSERT INTO `ata_docs` VALUES ('2013-11-19', 24, 3, 7, 3, '2014-06-04', NULL, NULL);
INSERT INTO `ata_docs` VALUES ('2013-11-20', 138, 11, 16, 25, '2014-06-04', NULL, NULL);
INSERT INTO `ata_docs` VALUES ('2013-11-21', 46, 8, 7, 10, '2014-06-04', NULL, NULL);
INSERT INTO `ata_docs` VALUES ('2013-11-22', 31, 2, 5, 4, '2014-06-04', NULL, NULL);
INSERT INTO `ata_docs` VALUES ('2013-11-25', 31, 2, 8, 6, '2014-06-04', NULL, NULL);
INSERT INTO `ata_docs` VALUES ('2013-11-26', 37, 1, 8, 7, '2014-06-04', NULL, NULL);
INSERT INTO `ata_docs` VALUES ('2013-11-27', 13, 1, 8, 11, '2014-06-04', NULL, NULL);
INSERT INTO `ata_docs` VALUES ('2013-11-28', 35, 2, 2, 5, '2014-06-04', NULL, NULL);
INSERT INTO `ata_docs` VALUES ('2013-11-29', 180, 4, 17, 8, '2014-06-04', NULL, NULL);
INSERT INTO `ata_docs` VALUES ('2013-12-02', 141, 8, 25, 16, '2014-06-04', NULL, NULL);
INSERT INTO `ata_docs` VALUES ('2013-12-03', 71, 6, 8, 4, '2014-06-04', NULL, NULL);
INSERT INTO `ata_docs` VALUES ('2013-12-04', 63, 3, 8, 11, '2014-06-04', NULL, NULL);
INSERT INTO `ata_docs` VALUES ('2013-12-05', 49, 2, 11, 8, '2014-06-04', NULL, NULL);
INSERT INTO `ata_docs` VALUES ('2013-12-06', 62, 4, 12, 10, '2014-06-04', NULL, NULL);
INSERT INTO `ata_docs` VALUES ('2013-12-09', 61, 4, 9, 13, '2014-06-04', NULL, NULL);
INSERT INTO `ata_docs` VALUES ('2013-12-10', 171, 6, 13, 6, '2014-06-04', NULL, NULL);
INSERT INTO `ata_docs` VALUES ('2013-12-11', 44, 2, 4, 6, '2014-06-04', NULL, NULL);
INSERT INTO `ata_docs` VALUES ('2013-12-12', 25, 2, 14, 14, '2014-06-04', NULL, NULL);
INSERT INTO `ata_docs` VALUES ('2013-12-13', 57, 5, 7, 5, '2014-06-04', NULL, NULL);
INSERT INTO `ata_docs` VALUES ('2013-12-16', 100, 5, 25, 16, '2014-06-04', NULL, NULL);
INSERT INTO `ata_docs` VALUES ('2013-12-17', 71, 3, 7, 9, '2014-06-04', NULL, NULL);
INSERT INTO `ata_docs` VALUES ('2013-12-18', 18, 4, 5, 9, '2014-06-04', NULL, NULL);
INSERT INTO `ata_docs` VALUES ('2013-12-19', 57, 2, 10, 6, '2014-06-04', NULL, NULL);
INSERT INTO `ata_docs` VALUES ('2013-12-20', 44, 3, 12, 4, '2014-06-04', NULL, NULL);
INSERT INTO `ata_docs` VALUES ('2013-12-23', 31, 1, 3, 7, '2014-06-04', NULL, NULL);
INSERT INTO `ata_docs` VALUES ('2013-12-24', 3, 0, 0, 3, '2014-06-04', NULL, NULL);
INSERT INTO `ata_docs` VALUES ('2013-12-26', 21, 0, 3, 3, '2014-06-04', NULL, NULL);
INSERT INTO `ata_docs` VALUES ('2013-12-27', 165, 8, 9, 20, '2014-06-04', NULL, NULL);
INSERT INTO `ata_docs` VALUES ('2013-12-30', 79, 2, 4, 10, '2014-06-04', NULL, NULL);
INSERT INTO `ata_docs` VALUES ('2014-01-02', 120, 4, 9, 9, '2014-06-04', NULL, NULL);
INSERT INTO `ata_docs` VALUES ('2014-01-03', 114, 3, 5, 3, '2014-06-04', NULL, NULL);
INSERT INTO `ata_docs` VALUES ('2014-01-06', 76, 3, 18, 10, '2014-06-04', NULL, NULL);
INSERT INTO `ata_docs` VALUES ('2014-01-07', 65, 4, 6, 5, '2014-06-04', NULL, NULL);
INSERT INTO `ata_docs` VALUES ('2014-01-08', 49, 7, 5, 5, '2014-06-04', NULL, NULL);
INSERT INTO `ata_docs` VALUES ('2014-01-09', 66, 3, 9, 11, '2014-06-04', NULL, NULL);
INSERT INTO `ata_docs` VALUES ('2014-01-10', 135, 8, 6, 8, '2014-06-04', NULL, NULL);
INSERT INTO `ata_docs` VALUES ('2014-01-13', 53, 6, 15, 8, '2014-06-04', NULL, NULL);
INSERT INTO `ata_docs` VALUES ('2014-01-14', 23, 4, 0, 9, '2014-06-04', NULL, NULL);
INSERT INTO `ata_docs` VALUES ('2014-01-15', 77, 2, 21, 11, '2014-06-04', NULL, NULL);
INSERT INTO `ata_docs` VALUES ('2014-01-16', 26, 2, 6, 4, '2014-06-04', NULL, NULL);
INSERT INTO `ata_docs` VALUES ('2014-01-17', 24, 2, 1, 6, '2014-06-04', NULL, NULL);
INSERT INTO `ata_docs` VALUES ('2014-01-20', 54, 1, 5, 6, '2014-06-04', NULL, NULL);
INSERT INTO `ata_docs` VALUES ('2014-01-21', 24, 1, 4, 6, '2014-06-04', NULL, NULL);
INSERT INTO `ata_docs` VALUES ('2014-01-22', 34, 0, 5, 3, '2014-06-04', NULL, NULL);
INSERT INTO `ata_docs` VALUES ('2014-01-23', 13, 2, 9, 0, '2014-06-04', NULL, NULL);
INSERT INTO `ata_docs` VALUES ('2014-01-24', 15, 5, 6, 4, '2014-06-04', NULL, NULL);
INSERT INTO `ata_docs` VALUES ('2014-01-27', 33, 6, 4, 4, '2014-06-04', NULL, NULL);
INSERT INTO `ata_docs` VALUES ('2014-01-28', 19, 2, 4, 6, '2014-06-04', NULL, NULL);
INSERT INTO `ata_docs` VALUES ('2014-01-29', 30, 1, 4, 4, '2014-06-04', NULL, NULL);
INSERT INTO `ata_docs` VALUES ('2014-01-30', 148, 12, 9, 9, '2014-06-04', NULL, NULL);
INSERT INTO `ata_docs` VALUES ('2014-01-31', 121, 2, 8, 8, '2014-06-04', NULL, NULL);
INSERT INTO `ata_docs` VALUES ('2014-02-03', 169, 3, 4, 5, '2014-06-04', NULL, NULL);
INSERT INTO `ata_docs` VALUES ('2014-02-04', 41, 0, 5, 4, '2014-06-04', NULL, NULL);
INSERT INTO `ata_docs` VALUES ('2014-02-05', 78, 6, 8, 5, '2014-06-04', NULL, NULL);
INSERT INTO `ata_docs` VALUES ('2014-02-06', 34, 2, 2, 3, '2014-06-04', NULL, NULL);
INSERT INTO `ata_docs` VALUES ('2014-02-07', 116, 5, 5, 9, '2014-06-04', NULL, NULL);
INSERT INTO `ata_docs` VALUES ('2014-02-10', 92, 5, 20, 17, '2014-06-04', NULL, NULL);
INSERT INTO `ata_docs` VALUES ('2014-02-11', 38, 3, 6, 14, '2014-06-04', NULL, NULL);
INSERT INTO `ata_docs` VALUES ('2014-02-12', 25, 7, 3, 6, '2014-06-04', NULL, NULL);
INSERT INTO `ata_docs` VALUES ('2014-02-13', 19, 1, 8, 3, '2014-06-04', NULL, NULL);
INSERT INTO `ata_docs` VALUES ('2014-02-14', 66, 5, 13, 5, '2014-06-04', NULL, NULL);
INSERT INTO `ata_docs` VALUES ('2014-02-17', 75, 2, 19, 6, '2014-06-04', NULL, NULL);
INSERT INTO `ata_docs` VALUES ('2014-02-18', 25, 4, 5, 5, '2014-06-04', NULL, NULL);
INSERT INTO `ata_docs` VALUES ('2014-02-19', 35, 2, 1, 2, '2014-06-04', NULL, NULL);
INSERT INTO `ata_docs` VALUES ('2014-02-20', 35, 5, 4, 5, '2014-06-04', NULL, NULL);
INSERT INTO `ata_docs` VALUES ('2014-02-21', 32, 2, 5, 7, '2014-06-04', NULL, NULL);
INSERT INTO `ata_docs` VALUES ('2014-02-24', 39, 4, 2, 5, '2014-06-04', NULL, NULL);
INSERT INTO `ata_docs` VALUES ('2014-02-25', 46, 7, 4, 2, '2014-06-04', NULL, NULL);
INSERT INTO `ata_docs` VALUES ('2014-02-26', 15, 6, 2, 3, '2014-06-04', NULL, NULL);
INSERT INTO `ata_docs` VALUES ('2014-02-27', 60, 5, 0, 2, '2014-06-04', NULL, NULL);
INSERT INTO `ata_docs` VALUES ('2014-02-28', 256, 6, 14, 15, '2014-06-04', NULL, NULL);
INSERT INTO `ata_docs` VALUES ('2014-03-05', 106, 5, 1, 2, '2014-06-04', NULL, NULL);
INSERT INTO `ata_docs` VALUES ('2014-03-06', 84, 6, 10, 16, '2014-06-04', NULL, NULL);
INSERT INTO `ata_docs` VALUES ('2014-03-07', 57, 7, 10, 8, '2014-06-04', NULL, NULL);
INSERT INTO `ata_docs` VALUES ('2014-03-10', 134, 6, 26, 11, '2014-06-04', NULL, NULL);
INSERT INTO `ata_docs` VALUES ('2014-03-11', 59, 2, 9, 5, '2014-06-04', NULL, NULL);
INSERT INTO `ata_docs` VALUES ('2014-03-12', 84, 2, 4, 8, '2014-06-04', NULL, NULL);
INSERT INTO `ata_docs` VALUES ('2014-03-13', 30, 7, 6, 8, '2014-06-04', NULL, NULL);
INSERT INTO `ata_docs` VALUES ('2014-03-14', 69, 5, 7, 10, '2014-06-04', NULL, NULL);
INSERT INTO `ata_docs` VALUES ('2014-03-17', 101, 5, 18, 14, '2014-06-04', NULL, NULL);
INSERT INTO `ata_docs` VALUES ('2014-03-18', 58, 5, 2, 5, '2014-06-04', NULL, NULL);
INSERT INTO `ata_docs` VALUES ('2014-03-20', 54, 5, 6, 8, '2014-06-04', NULL, NULL);
INSERT INTO `ata_docs` VALUES ('2014-03-21', 49, 4, 6, 5, '2014-06-04', NULL, NULL);
INSERT INTO `ata_docs` VALUES ('2014-03-24', 45, 2, 0, 5, '2014-06-04', NULL, NULL);
INSERT INTO `ata_docs` VALUES ('2014-03-25', 40, 2, 4, 3, '2014-06-04', NULL, NULL);
INSERT INTO `ata_docs` VALUES ('2014-03-26', 42, 6, 0, 3, '2014-06-04', NULL, NULL);
INSERT INTO `ata_docs` VALUES ('2014-03-27', 42, 3, 0, 0, '2014-06-04', NULL, NULL);
INSERT INTO `ata_docs` VALUES ('2014-03-28', 228, 11, 9, 8, '2014-06-04', NULL, NULL);
INSERT INTO `ata_docs` VALUES ('2014-03-31', 133, 5, 19, 16, '2014-06-04', NULL, NULL);
INSERT INTO `ata_docs` VALUES ('2014-04-01', 102, 2, 10, 5, '2014-06-04', NULL, NULL);
INSERT INTO `ata_docs` VALUES ('2014-04-02', 69, 7, 7, 12, '2014-06-04', NULL, NULL);
INSERT INTO `ata_docs` VALUES ('2014-04-03', 75, 2, 8, 9, '2014-06-04', NULL, NULL);
INSERT INTO `ata_docs` VALUES ('2014-04-04', 56, 1, 5, 6, '2014-06-04', NULL, NULL);
INSERT INTO `ata_docs` VALUES ('2014-04-07', 98, 9, 16, 25, '2014-06-04', NULL, NULL);
INSERT INTO `ata_docs` VALUES ('2014-04-08', 87, 4, 10, 6, '2014-06-04', NULL, NULL);
INSERT INTO `ata_docs` VALUES ('2014-04-09', 54, 1, 5, 5, '2014-06-04', NULL, NULL);
INSERT INTO `ata_docs` VALUES ('2014-04-10', 54, 6, 6, 17, '2014-06-04', NULL, NULL);
INSERT INTO `ata_docs` VALUES ('2014-04-11', 36, 3, 2, 9, '2014-06-04', NULL, NULL);
INSERT INTO `ata_docs` VALUES ('2014-04-14', 42, 4, 5, 7, '2014-06-04', NULL, NULL);
INSERT INTO `ata_docs` VALUES ('2014-04-15', 98, 2, 17, 10, '2014-06-04', NULL, NULL);
INSERT INTO `ata_docs` VALUES ('2014-04-16', 57, 6, 1, 9, '2014-06-04', NULL, NULL);
INSERT INTO `ata_docs` VALUES ('2014-04-17', 28, 1, 6, 1, '2014-06-04', NULL, NULL);
INSERT INTO `ata_docs` VALUES ('2014-04-22', 61, 2, 6, 14, '2014-06-04', NULL, NULL);
INSERT INTO `ata_docs` VALUES ('2014-04-23', 44, 4, 3, 3, '2014-06-04', NULL, NULL);
INSERT INTO `ata_docs` VALUES ('2014-04-24', 31, 1, 8, 2, '2014-06-04', NULL, NULL);
INSERT INTO `ata_docs` VALUES ('2014-04-25', 36, 1, 3, 11, '2014-06-04', NULL, NULL);
INSERT INTO `ata_docs` VALUES ('2014-04-28', 59, 2, 9, 2, '2014-06-04', NULL, NULL);
INSERT INTO `ata_docs` VALUES ('2014-04-29', 37, 2, 4, 5, '2014-06-04', NULL, NULL);
INSERT INTO `ata_docs` VALUES ('2014-04-30', 277, 7, 13, 18, '2014-06-04', NULL, NULL);
INSERT INTO `ata_docs` VALUES ('2014-05-02', 47, 1, 1, 1, '2014-09-29', NULL, NULL);
INSERT INTO `ata_docs` VALUES ('2014-05-05', 131, 5, 9, 17, '2014-09-29', NULL, NULL);
INSERT INTO `ata_docs` VALUES ('2014-05-06', 70, 6, 7, 8, '2014-09-29', NULL, NULL);
INSERT INTO `ata_docs` VALUES ('2014-05-07', 59, 3, 6, 7, '2014-09-29', NULL, NULL);
INSERT INTO `ata_docs` VALUES ('2014-05-08', 64, 5, 4, 3, '2014-09-29', NULL, NULL);
INSERT INTO `ata_docs` VALUES ('2014-05-09', 99, 6, 9, 8, '2014-09-29', NULL, NULL);
INSERT INTO `ata_docs` VALUES ('2014-05-12', 78, 4, 24, 14, '2014-09-29', NULL, NULL);
INSERT INTO `ata_docs` VALUES ('2014-05-13', 22, 3, 2, 2, '2014-09-29', NULL, NULL);
INSERT INTO `ata_docs` VALUES ('2014-05-14', 14, 4, 4, 3, '2014-09-29', NULL, NULL);
INSERT INTO `ata_docs` VALUES ('2014-05-15', 89, 5, 10, 15, '2014-09-29', NULL, NULL);
INSERT INTO `ata_docs` VALUES ('2014-05-16', 47, 2, 6, 12, '2014-09-29', NULL, NULL);
INSERT INTO `ata_docs` VALUES ('2014-05-19', 37, 1, 5, 6, '2014-09-29', NULL, NULL);
INSERT INTO `ata_docs` VALUES ('2014-05-20', 42, 3, 7, 8, '2014-09-29', NULL, NULL);
INSERT INTO `ata_docs` VALUES ('2014-05-21', 25, 2, 4, 5, '2014-09-29', NULL, NULL);
INSERT INTO `ata_docs` VALUES ('2014-05-22', 16, 0, 6, 4, '2014-09-29', NULL, NULL);
INSERT INTO `ata_docs` VALUES ('2014-05-23', 46, 3, 1, 4, '2014-09-29', NULL, NULL);
INSERT INTO `ata_docs` VALUES ('2014-05-26', 33, 1, 9, 6, '2014-09-29', NULL, NULL);
INSERT INTO `ata_docs` VALUES ('2014-05-27', 20, 1, 3, 5, '2014-09-29', NULL, NULL);
INSERT INTO `ata_docs` VALUES ('2014-05-28', 16, 3, 3, 2, '2014-09-29', NULL, NULL);
INSERT INTO `ata_docs` VALUES ('2014-05-29', 37, 1, 0, 3, '2014-09-29', NULL, NULL);
INSERT INTO `ata_docs` VALUES ('2014-05-30', 297, 13, 8, 12, '2014-09-29', NULL, NULL);
INSERT INTO `ata_docs` VALUES ('2014-06-02', 113, 7, 13, 3, '2014-09-29', NULL, NULL);
INSERT INTO `ata_docs` VALUES ('2014-06-03', 101, 4, 2, 3, '2014-09-29', NULL, NULL);
INSERT INTO `ata_docs` VALUES ('2014-06-04', 45, 5, 1, 6, '2014-09-29', NULL, NULL);
INSERT INTO `ata_docs` VALUES ('2014-06-05', 44, 4, 8, 9, '2014-09-29', NULL, NULL);
INSERT INTO `ata_docs` VALUES ('2014-06-06', 58, 5, 6, 8, '2014-09-29', NULL, NULL);
INSERT INTO `ata_docs` VALUES ('2014-06-09', 58, 2, 5, 7, '2014-09-29', NULL, NULL);
INSERT INTO `ata_docs` VALUES ('2014-06-10', 144, 4, 16, 8, '2014-09-29', NULL, NULL);
INSERT INTO `ata_docs` VALUES ('2014-06-11', 43, 4, 4, 14, '2014-09-29', NULL, NULL);
INSERT INTO `ata_docs` VALUES ('2014-06-12', 7, 6, 9, 3, '2014-09-29', NULL, NULL);
INSERT INTO `ata_docs` VALUES ('2014-06-13', 65, 8, 7, 7, '2014-09-29', NULL, NULL);
INSERT INTO `ata_docs` VALUES ('2014-06-16', 102, 1, 8, 15, '2014-09-29', NULL, NULL);
INSERT INTO `ata_docs` VALUES ('2014-06-17', 19, 2, 4, 9, '2014-09-29', NULL, NULL);
INSERT INTO `ata_docs` VALUES ('2014-06-18', 35, 7, 3, 7, '2014-09-29', NULL, NULL);
INSERT INTO `ata_docs` VALUES ('2014-06-20', 24, 2, 2, 6, '2014-09-29', NULL, NULL);
INSERT INTO `ata_docs` VALUES ('2014-06-23', 13, 1, 13, 4, '2014-09-29', NULL, NULL);
INSERT INTO `ata_docs` VALUES ('2014-06-24', 45, 3, 3, 3, '2014-09-29', NULL, NULL);
INSERT INTO `ata_docs` VALUES ('2014-06-25', 34, 4, 2, 6, '2014-09-29', NULL, NULL);
INSERT INTO `ata_docs` VALUES ('2014-06-26', 35, 1, 3, 4, '2014-09-29', NULL, NULL);
INSERT INTO `ata_docs` VALUES ('2014-06-27', 78, 3, 4, 13, '2014-09-29', NULL, NULL);
INSERT INTO `ata_docs` VALUES ('2014-06-30', 278, 12, 8, 11, '2014-09-29', NULL, NULL);
INSERT INTO `ata_docs` VALUES ('2014-07-01', 150, 9, 3, 8, '2014-09-29', NULL, NULL);
INSERT INTO `ata_docs` VALUES ('2014-07-02', 57, 2, 5, 8, '2014-09-29', NULL, NULL);
INSERT INTO `ata_docs` VALUES ('2014-07-03', 74, 9, 2, 5, '2014-09-29', NULL, NULL);
INSERT INTO `ata_docs` VALUES ('2014-07-04', 35, 2, 1, 2, '2014-09-29', NULL, NULL);
INSERT INTO `ata_docs` VALUES ('2014-07-07', 105, 10, 14, 18, '2014-09-29', NULL, NULL);
INSERT INTO `ata_docs` VALUES ('2014-07-08', 66, 4, 8, 7, '2014-09-29', NULL, NULL);
INSERT INTO `ata_docs` VALUES ('2014-07-10', 109, 9, 20, 5, '2014-09-29', NULL, NULL);
INSERT INTO `ata_docs` VALUES ('2014-07-11', 27, 8, 1, 10, '2014-09-29', NULL, NULL);
INSERT INTO `ata_docs` VALUES ('2014-07-14', 50, 6, 4, 11, '2014-09-29', NULL, NULL);
INSERT INTO `ata_docs` VALUES ('2014-07-15', 104, 7, 16, 13, '2014-09-29', NULL, NULL);
INSERT INTO `ata_docs` VALUES ('2014-07-16', 36, 1, 4, 12, '2014-09-29', NULL, NULL);
INSERT INTO `ata_docs` VALUES ('2014-07-17', 41, 5, 4, 5, '2014-09-29', NULL, NULL);
INSERT INTO `ata_docs` VALUES ('2014-07-18', 20, 5, 3, 4, '2014-09-29', NULL, NULL);
INSERT INTO `ata_docs` VALUES ('2014-07-21', 53, 4, 16, 16, '2014-09-29', NULL, NULL);
INSERT INTO `ata_docs` VALUES ('2014-07-22', 18, 4, 1, 8, '2014-09-29', NULL, NULL);
INSERT INTO `ata_docs` VALUES ('2014-07-23', 26, 3, 3, 3, '2014-09-29', NULL, NULL);
INSERT INTO `ata_docs` VALUES ('2014-07-24', 13, 4, 1, 1, '2014-09-29', NULL, NULL);
INSERT INTO `ata_docs` VALUES ('2014-07-25', 46, 3, 5, 11, '2014-09-29', NULL, NULL);
INSERT INTO `ata_docs` VALUES ('2014-07-28', 58, 2, 3, 15, '2014-09-29', NULL, NULL);
INSERT INTO `ata_docs` VALUES ('2014-07-29', 36, 4, 0, 1, '2014-09-29', NULL, NULL);
INSERT INTO `ata_docs` VALUES ('2014-07-30', 241, 7, 4, 10, '2014-09-29', NULL, NULL);
INSERT INTO `ata_docs` VALUES ('2014-07-31', 69, 2, 17, 8, '2014-09-29', NULL, NULL);
INSERT INTO `ata_docs` VALUES ('2014-08-01', 107, 3, 2, 9, '2014-09-29', NULL, NULL);
INSERT INTO `ata_docs` VALUES ('2014-08-04', 118, 8, 12, 10, '2014-09-29', NULL, NULL);
INSERT INTO `ata_docs` VALUES ('2014-08-05', 60, 7, 13, 10, '2014-09-29', NULL, NULL);
INSERT INTO `ata_docs` VALUES ('2014-08-06', 43, 5, 3, 10, '2014-09-29', NULL, NULL);
INSERT INTO `ata_docs` VALUES ('2014-08-07', 47, 4, 5, 6, '2014-09-29', NULL, NULL);
INSERT INTO `ata_docs` VALUES ('2014-08-08', 106, 7, 8, 6, '2014-09-29', NULL, NULL);
INSERT INTO `ata_docs` VALUES ('2014-08-11', 91, 1, 21, 13, '2014-09-29', NULL, NULL);
INSERT INTO `ata_docs` VALUES ('2014-08-12', 45, 2, 1, 7, '2014-09-29', NULL, NULL);
INSERT INTO `ata_docs` VALUES ('2014-08-13', 19, 2, 3, 3, '2014-09-29', NULL, NULL);
INSERT INTO `ata_docs` VALUES ('2014-08-14', 21, 5, 4, 4, '2014-09-29', NULL, NULL);
INSERT INTO `ata_docs` VALUES ('2014-08-15', 128, 5, 12, 13, '2014-09-29', NULL, NULL);
INSERT INTO `ata_docs` VALUES ('2014-08-18', 27, 6, 6, 10, '2014-09-29', NULL, NULL);
INSERT INTO `ata_docs` VALUES ('2014-08-19', 33, 1, 4, 4, '2014-09-29', NULL, NULL);
INSERT INTO `ata_docs` VALUES ('2014-08-20', 51, 5, 9, 8, '2014-09-29', NULL, NULL);
INSERT INTO `ata_docs` VALUES ('2014-08-21', 11, 0, 1, 3, '2014-09-29', NULL, NULL);
INSERT INTO `ata_docs` VALUES ('2014-08-22', 19, 5, 2, 8, '2014-09-29', NULL, NULL);
INSERT INTO `ata_docs` VALUES ('2014-08-25', 49, 1, 13, 16, '2014-09-29', NULL, NULL);
INSERT INTO `ata_docs` VALUES ('2014-08-26', 28, 3, 9, 0, '2014-09-29', NULL, NULL);
INSERT INTO `ata_docs` VALUES ('2014-08-27', 10, 1, 2, 1, '2014-09-29', NULL, NULL);
INSERT INTO `ata_docs` VALUES ('2014-08-28', 32, 6, 5, 1, '2014-09-29', NULL, NULL);
INSERT INTO `ata_docs` VALUES ('2014-08-29', 230, 9, 1, 5, '2014-09-29', NULL, NULL);
INSERT INTO `ata_docs` VALUES ('2014-09-01', 172, 5, 6, 19, '2014-12-17', NULL, NULL);
INSERT INTO `ata_docs` VALUES ('2014-09-02', 70, 3, 16, 7, '2014-12-17', NULL, NULL);
INSERT INTO `ata_docs` VALUES ('2014-09-03', 66, 2, 7, 4, '2014-12-17', NULL, NULL);
INSERT INTO `ata_docs` VALUES ('2014-09-04', 58, 6, 4, 5, '2014-12-17', NULL, NULL);
INSERT INTO `ata_docs` VALUES ('2014-09-05', 71, 9, 7, 9, '2014-12-17', NULL, NULL);
INSERT INTO `ata_docs` VALUES ('2014-09-08', 66, 3, 17, 11, '2014-12-17', NULL, NULL);
INSERT INTO `ata_docs` VALUES ('2014-09-09', 81, 7, 5, 5, '2014-12-17', NULL, NULL);
INSERT INTO `ata_docs` VALUES ('2014-09-10', 76, 1, 5, 10, '2014-12-17', NULL, NULL);
INSERT INTO `ata_docs` VALUES ('2014-09-11', 30, 4, 5, 4, '2014-12-17', NULL, NULL);
INSERT INTO `ata_docs` VALUES ('2014-09-12', 23, 10, 5, 8, '2014-12-17', NULL, NULL);
INSERT INTO `ata_docs` VALUES ('2014-09-15', 108, 6, 18, 17, '2014-12-17', NULL, NULL);
INSERT INTO `ata_docs` VALUES ('2014-09-16', 30, 3, 3, 6, '2014-12-17', NULL, NULL);
INSERT INTO `ata_docs` VALUES ('2014-09-17', 29, 2, 6, 2, '2014-12-17', NULL, NULL);
INSERT INTO `ata_docs` VALUES ('2014-09-18', 24, 3, 3, 10, '2014-12-17', NULL, NULL);
INSERT INTO `ata_docs` VALUES ('2014-09-19', 27, 6, 8, 4, '2014-12-17', NULL, NULL);
INSERT INTO `ata_docs` VALUES ('2014-09-22', 40, 4, 5, 13, '2014-12-17', NULL, NULL);
INSERT INTO `ata_docs` VALUES ('2014-09-23', 25, 0, 4, 6, '2014-12-17', NULL, NULL);
INSERT INTO `ata_docs` VALUES ('2014-09-24', 29, 3, 3, 3, '2014-12-17', NULL, NULL);
INSERT INTO `ata_docs` VALUES ('2014-09-25', 26, 0, 7, 5, '2014-12-17', NULL, NULL);
INSERT INTO `ata_docs` VALUES ('2014-09-26', 29, 4, 8, 9, '2014-12-17', NULL, NULL);
INSERT INTO `ata_docs` VALUES ('2014-09-29', 53, 6, 9, 19, '2014-12-17', NULL, NULL);
INSERT INTO `ata_docs` VALUES ('2014-09-30', 185, 7, 24, 18, '2014-12-17', NULL, NULL);
INSERT INTO `ata_docs` VALUES ('2014-10-01', 139, 8, 5, 16, '2014-12-17', NULL, NULL);
INSERT INTO `ata_docs` VALUES ('2014-10-02', 72, 2, 3, 8, '2014-12-17', NULL, NULL);
INSERT INTO `ata_docs` VALUES ('2014-10-03', 143, 10, 7, 6, '2014-12-17', NULL, NULL);
INSERT INTO `ata_docs` VALUES ('2014-10-06', 54, 6, 12, 17, '2014-12-17', NULL, NULL);
INSERT INTO `ata_docs` VALUES ('2014-10-07', 109, 2, 11, 18, '2014-12-17', NULL, NULL);
INSERT INTO `ata_docs` VALUES ('2014-10-08', 48, 6, 3, 11, '2014-12-17', NULL, NULL);
INSERT INTO `ata_docs` VALUES ('2014-10-09', 55, 4, 6, 6, '2014-12-17', NULL, NULL);
INSERT INTO `ata_docs` VALUES ('2014-10-10', 69, 7, 13, 11, '2014-12-17', NULL, NULL);
INSERT INTO `ata_docs` VALUES ('2014-10-13', 37, 1, 11, 12, '2014-12-17', NULL, NULL);
INSERT INTO `ata_docs` VALUES ('2014-10-14', 46, 2, 3, 5, '2014-12-17', NULL, NULL);
INSERT INTO `ata_docs` VALUES ('2014-10-15', 107, 8, 11, 12, '2014-12-17', NULL, NULL);
INSERT INTO `ata_docs` VALUES ('2014-10-16', 41, 3, 9, 9, '2014-12-17', NULL, NULL);
INSERT INTO `ata_docs` VALUES ('2014-10-17', 34, 1, 2, 3, '2014-12-17', NULL, NULL);
INSERT INTO `ata_docs` VALUES ('2014-10-20', 70, 7, 3, 6, '2014-12-17', NULL, NULL);
INSERT INTO `ata_docs` VALUES ('2014-10-21', 19, 1, 2, 5, '2014-12-17', NULL, NULL);
INSERT INTO `ata_docs` VALUES ('2014-10-22', 15, 3, 8, 7, '2014-12-17', NULL, NULL);
INSERT INTO `ata_docs` VALUES ('2014-10-23', 42, 0, 3, 3, '2014-12-17', NULL, NULL);
INSERT INTO `ata_docs` VALUES ('2014-10-24', 54, 2, 2, 6, '2014-12-17', NULL, NULL);
INSERT INTO `ata_docs` VALUES ('2014-10-27', 62, 3, 4, 6, '2014-12-17', NULL, NULL);
INSERT INTO `ata_docs` VALUES ('2014-10-28', 40, 0, 1, 1, '2014-12-17', NULL, NULL);
INSERT INTO `ata_docs` VALUES ('2014-10-29', 62, 4, 8, 6, '2014-12-17', NULL, NULL);
INSERT INTO `ata_docs` VALUES ('2014-10-30', 193, 11, 15, 6, '2014-12-17', NULL, NULL);
INSERT INTO `ata_docs` VALUES ('2014-10-31', 76, 3, 6, 15, '2014-12-17', NULL, NULL);
INSERT INTO `ata_docs` VALUES ('2014-11-03', 127, 6, 6, 6, '2014-12-17', NULL, NULL);
INSERT INTO `ata_docs` VALUES ('2014-11-04', 59, 4, 5, 9, '2014-12-17', NULL, NULL);
INSERT INTO `ata_docs` VALUES ('2014-11-05', 51, 3, 7, 8, '2014-12-17', NULL, NULL);
INSERT INTO `ata_docs` VALUES ('2014-11-06', 39, 5, 8, 5, '2014-12-17', NULL, NULL);
INSERT INTO `ata_docs` VALUES ('2014-11-07', 126, 10, 5, 7, '2014-12-17', NULL, NULL);
INSERT INTO `ata_docs` VALUES ('2014-11-10', 126, 5, 10, 22, '2014-12-17', NULL, NULL);
INSERT INTO `ata_docs` VALUES ('2014-11-11', 32, 2, 17, 17, '2014-12-17', NULL, NULL);
INSERT INTO `ata_docs` VALUES ('2014-11-12', 44, 3, 7, 6, '2014-12-17', NULL, NULL);
INSERT INTO `ata_docs` VALUES ('2014-11-13', 19, 0, 1, 5, '2014-12-17', NULL, NULL);
INSERT INTO `ata_docs` VALUES ('2014-11-14', 75, 3, 1, 6, '2014-12-17', NULL, NULL);
INSERT INTO `ata_docs` VALUES ('2014-11-17', 67, 1, 19, 11, '2014-12-17', NULL, NULL);
INSERT INTO `ata_docs` VALUES ('2014-11-18', 22, 2, 6, 10, '2014-12-17', NULL, NULL);
INSERT INTO `ata_docs` VALUES ('2014-11-19', 27, 3, 1, 5, '2014-12-17', NULL, NULL);
INSERT INTO `ata_docs` VALUES ('2014-11-20', 112, 6, 10, 12, '2014-12-17', NULL, NULL);
INSERT INTO `ata_docs` VALUES ('2014-11-21', 42, 4, 1, 6, '2014-12-17', NULL, NULL);
INSERT INTO `ata_docs` VALUES ('2014-11-24', 50, 5, 10, 13, '2014-12-17', NULL, NULL);
INSERT INTO `ata_docs` VALUES ('2014-11-25', 61, 2, 14, 7, '2014-12-17', NULL, NULL);
INSERT INTO `ata_docs` VALUES ('2014-11-26', 33, 3, 10, 7, '2014-12-17', NULL, NULL);
INSERT INTO `ata_docs` VALUES ('2014-11-27', 18, 3, 3, 3, '2014-12-17', NULL, NULL);
INSERT INTO `ata_docs` VALUES ('2014-11-28', 192, 7, 2, 7, '2014-12-17', NULL, NULL);
INSERT INTO `ata_docs` VALUES ('2014-12-01', 168, 9, 19, 13, '2015-06-23', NULL, NULL);
INSERT INTO `ata_docs` VALUES ('2014-12-02', 89, 6, 2, 5, '2015-06-23', NULL, NULL);
INSERT INTO `ata_docs` VALUES ('2014-12-03', 95, 3, 14, 6, '2015-06-23', NULL, NULL);
INSERT INTO `ata_docs` VALUES ('2014-12-04', 53, 2, 4, 5, '2015-06-23', NULL, NULL);
INSERT INTO `ata_docs` VALUES ('2014-12-05', 84, 6, 15, 14, '2015-06-23', NULL, NULL);
INSERT INTO `ata_docs` VALUES ('2014-12-08', 48, 2, 5, 9, '2015-06-23', NULL, NULL);
INSERT INTO `ata_docs` VALUES ('2014-12-09', 103, 4, 10, 12, '2015-06-23', NULL, NULL);
INSERT INTO `ata_docs` VALUES ('2014-12-10', 99, 7, 9, 11, '2015-06-23', NULL, NULL);
INSERT INTO `ata_docs` VALUES ('2014-12-11', 29, 3, 5, 4, '2015-06-23', NULL, NULL);
INSERT INTO `ata_docs` VALUES ('2014-12-12', 42, 4, 4, 6, '2015-06-23', NULL, NULL);
INSERT INTO `ata_docs` VALUES ('2014-12-15', 144, 8, 12, 20, '2015-06-23', NULL, NULL);
INSERT INTO `ata_docs` VALUES ('2014-12-16', 40, 3, 8, 4, '2015-06-23', NULL, NULL);
INSERT INTO `ata_docs` VALUES ('2014-12-17', 36, 4, 5, 7, '2015-06-23', NULL, NULL);
INSERT INTO `ata_docs` VALUES ('2014-12-18', 25, 2, 5, 7, '2015-06-23', NULL, NULL);
INSERT INTO `ata_docs` VALUES ('2014-12-19', 66, 11, 5, 1, '2015-06-23', NULL, NULL);
INSERT INTO `ata_docs` VALUES ('2014-12-22', 51, 1, 10, 17, '2015-06-23', NULL, NULL);
INSERT INTO `ata_docs` VALUES ('2014-12-23', 47, 1, 4, 10, '2015-06-23', NULL, NULL);
INSERT INTO `ata_docs` VALUES ('2014-12-24', 6, 2, 0, 3, '2015-06-23', NULL, NULL);
INSERT INTO `ata_docs` VALUES ('2014-12-26', 16, 1, 0, 2, '2015-06-23', NULL, NULL);
INSERT INTO `ata_docs` VALUES ('2014-12-29', 74, 1, 7, 4, '2015-06-23', NULL, NULL);
INSERT INTO `ata_docs` VALUES ('2014-12-30', 270, 3, 12, 12, '2015-06-23', NULL, NULL);
INSERT INTO `ata_docs` VALUES ('2015-01-02', 36, 0, 2, 4, '2015-06-23', NULL, NULL);
INSERT INTO `ata_docs` VALUES ('2015-01-05', 157, 5, 16, 23, '2015-06-23', NULL, NULL);
INSERT INTO `ata_docs` VALUES ('2015-01-06', 55, 4, 2, 6, '2015-06-23', NULL, NULL);
INSERT INTO `ata_docs` VALUES ('2015-01-07', 73, 6, 2, 0, '2015-06-23', NULL, NULL);
INSERT INTO `ata_docs` VALUES ('2015-01-08', 56, 3, 2, 4, '2015-06-23', NULL, NULL);
INSERT INTO `ata_docs` VALUES ('2015-01-09', 68, 8, 6, 9, '2015-06-23', NULL, NULL);
INSERT INTO `ata_docs` VALUES ('2015-01-12', 86, 1, 12, 12, '2015-06-23', NULL, NULL);
INSERT INTO `ata_docs` VALUES ('2015-01-13', 66, 0, 2, 5, '2015-06-23', NULL, NULL);
INSERT INTO `ata_docs` VALUES ('2015-01-15', 97, 7, 19, 13, '2015-06-23', NULL, NULL);
INSERT INTO `ata_docs` VALUES ('2015-01-16', 38, 1, 5, 6, '2015-06-23', NULL, NULL);
INSERT INTO `ata_docs` VALUES ('2015-01-19', 55, 1, 5, 8, '2015-06-23', NULL, NULL);
INSERT INTO `ata_docs` VALUES ('2015-01-20', 47, 5, 13, 9, '2015-06-23', NULL, NULL);
INSERT INTO `ata_docs` VALUES ('2015-01-21', 29, 0, 1, 2, '2015-06-23', NULL, NULL);
INSERT INTO `ata_docs` VALUES ('2015-01-22', 14, 0, 1, 4, '2015-06-23', NULL, NULL);
INSERT INTO `ata_docs` VALUES ('2015-01-23', 53, 3, 4, 6, '2015-06-23', NULL, NULL);
INSERT INTO `ata_docs` VALUES ('2015-01-26', 37, 3, 5, 13, '2015-06-23', NULL, NULL);
INSERT INTO `ata_docs` VALUES ('2015-01-27', 25, 1, 9, 3, '2015-06-23', NULL, NULL);
INSERT INTO `ata_docs` VALUES ('2015-01-28', 22, 0, 0, 2, '2015-06-23', NULL, NULL);
INSERT INTO `ata_docs` VALUES ('2015-01-29', 27, 2, 0, 4, '2015-06-23', NULL, NULL);
INSERT INTO `ata_docs` VALUES ('2015-01-30', 293, 15, 16, 12, '2015-06-23', NULL, NULL);
INSERT INTO `ata_docs` VALUES ('2015-02-02', 107, 1, 3, 12, '2015-06-23', NULL, NULL);
INSERT INTO `ata_docs` VALUES ('2015-02-03', 91, 5, 6, 5, '2015-06-23', NULL, NULL);
INSERT INTO `ata_docs` VALUES ('2015-02-04', 54, 6, 5, 3, '2015-06-23', NULL, NULL);
INSERT INTO `ata_docs` VALUES ('2015-02-05', 66, 1, 7, 8, '2015-06-23', NULL, NULL);
INSERT INTO `ata_docs` VALUES ('2015-02-06', 54, 2, 3, 11, '2015-06-23', NULL, NULL);
INSERT INTO `ata_docs` VALUES ('2015-02-09', 97, 5, 9, 9, '2015-06-23', NULL, NULL);
INSERT INTO `ata_docs` VALUES ('2015-02-10', 119, 6, 18, 16, '2015-06-23', NULL, NULL);
INSERT INTO `ata_docs` VALUES ('2015-02-11', 27, 1, 1, 6, '2015-06-23', NULL, NULL);
INSERT INTO `ata_docs` VALUES ('2015-02-12', 38, 3, 5, 5, '2015-06-23', NULL, NULL);
INSERT INTO `ata_docs` VALUES ('2015-02-13', 97, 6, 4, 6, '2015-06-23', NULL, NULL);
INSERT INTO `ata_docs` VALUES ('2015-02-18', 63, 1, 3, 14, '2015-06-23', NULL, NULL);
INSERT INTO `ata_docs` VALUES ('2015-02-19', 29, 0, 2, 3, '2015-06-23', NULL, NULL);
INSERT INTO `ata_docs` VALUES ('2015-02-20', 62, 5, 12, 12, '2015-06-23', NULL, NULL);
INSERT INTO `ata_docs` VALUES ('2015-02-23', 16, 1, 6, 9, '2015-06-23', NULL, NULL);
INSERT INTO `ata_docs` VALUES ('2015-02-24', 12, 2, 2, 3, '2015-06-23', NULL, NULL);
INSERT INTO `ata_docs` VALUES ('2015-02-25', 55, 1, 2, 5, '2015-06-23', NULL, NULL);
INSERT INTO `ata_docs` VALUES ('2015-02-26', 33, 6, 7, 4, '2015-06-23', NULL, NULL);
INSERT INTO `ata_docs` VALUES ('2015-02-27', 228, 11, 3, 7, '2015-06-23', NULL, NULL);
INSERT INTO `ata_docs` VALUES ('2015-03-02', 168, 8, 19, 35, '2015-06-23', NULL, NULL);
INSERT INTO `ata_docs` VALUES ('2015-03-03', 110, 6, 4, 6, '2015-06-23', NULL, NULL);
INSERT INTO `ata_docs` VALUES ('2015-03-04', 50, 3, 2, 0, '2015-06-23', NULL, NULL);
INSERT INTO `ata_docs` VALUES ('2015-03-05', 81, 6, 8, 9, '2015-06-23', NULL, NULL);
INSERT INTO `ata_docs` VALUES ('2015-03-06', 67, 7, 4, 7, '2015-06-23', NULL, NULL);
INSERT INTO `ata_docs` VALUES ('2015-03-09', 116, 7, 7, 12, '2015-06-23', NULL, NULL);
INSERT INTO `ata_docs` VALUES ('2015-03-10', 99, 7, 8, 6, '2015-06-23', NULL, NULL);
INSERT INTO `ata_docs` VALUES ('2015-03-11', 36, 1, 7, 6, '2015-06-23', NULL, NULL);
INSERT INTO `ata_docs` VALUES ('2015-03-12', 76, 4, 6, 6, '2015-06-23', NULL, NULL);
INSERT INTO `ata_docs` VALUES ('2015-03-13', 84, 6, 11, 21, '2015-06-23', NULL, NULL);
INSERT INTO `ata_docs` VALUES ('2015-03-16', 101, 4, 13, 7, '2015-06-23', NULL, NULL);
INSERT INTO `ata_docs` VALUES ('2015-03-17', 54, 4, 5, 5, '2015-06-23', NULL, NULL);
INSERT INTO `ata_docs` VALUES ('2015-03-18', 36, 1, 5, 10, '2015-06-23', NULL, NULL);
INSERT INTO `ata_docs` VALUES ('2015-03-20', 25, 0, 1, 1, '2015-06-23', NULL, NULL);
INSERT INTO `ata_docs` VALUES ('2015-03-23', 58, 2, 2, 7, '2015-06-23', NULL, NULL);
INSERT INTO `ata_docs` VALUES ('2015-03-24', 38, 2, 1, 6, '2015-06-23', NULL, NULL);
INSERT INTO `ata_docs` VALUES ('2015-03-25', 78, 4, 8, 2, '2015-06-23', NULL, NULL);
INSERT INTO `ata_docs` VALUES ('2015-03-26', 22, 2, 3, 2, '2015-06-23', NULL, NULL);
INSERT INTO `ata_docs` VALUES ('2015-03-27', 59, 5, 3, 7, '2015-06-23', NULL, NULL);
INSERT INTO `ata_docs` VALUES ('2015-03-30', 287, 6, 11, 6, '2015-06-23', NULL, NULL);
INSERT INTO `ata_docs` VALUES ('2015-03-31', 106, 10, 7, 13, '2015-06-23', NULL, NULL);
INSERT INTO `ata_docs` VALUES ('2015-04-01', 87, 6, 2, 3, '2015-06-23', NULL, NULL);
INSERT INTO `ata_docs` VALUES ('2015-04-02', 37, 3, 0, 2, '2015-06-23', NULL, NULL);
INSERT INTO `ata_docs` VALUES ('2015-04-06', 168, 2, 18, 20, '2015-06-23', NULL, NULL);
INSERT INTO `ata_docs` VALUES ('2015-04-07', 67, 6, 12, 5, '2015-06-23', NULL, NULL);
INSERT INTO `ata_docs` VALUES ('2015-04-08', 70, 9, 4, 17, '2015-06-23', NULL, NULL);
INSERT INTO `ata_docs` VALUES ('2015-04-09', 73, 4, 3, 2, '2015-06-23', NULL, NULL);
INSERT INTO `ata_docs` VALUES ('2015-04-10', 84, 3, 9, 8, '2015-06-23', NULL, NULL);
INSERT INTO `ata_docs` VALUES ('2015-04-13', 47, 2, 9, 12, '2015-06-23', NULL, NULL);
INSERT INTO `ata_docs` VALUES ('2015-04-14', 37, 1, 4, 19, '2015-06-23', NULL, NULL);
INSERT INTO `ata_docs` VALUES ('2015-04-15', 138, 13, 15, 9, '2015-06-23', NULL, NULL);
INSERT INTO `ata_docs` VALUES ('2015-04-16', 31, 8, 3, 5, '2015-06-23', NULL, NULL);
INSERT INTO `ata_docs` VALUES ('2015-04-17', 85, 3, 7, 2, '2015-06-23', NULL, NULL);
INSERT INTO `ata_docs` VALUES ('2015-04-20', 23, 0, 0, 1, '2015-06-23', NULL, NULL);
INSERT INTO `ata_docs` VALUES ('2015-04-22', 20, 3, 5, 4, '2015-06-23', NULL, NULL);
INSERT INTO `ata_docs` VALUES ('2015-04-23', 30, 3, 1, 6, '2015-06-23', NULL, NULL);
INSERT INTO `ata_docs` VALUES ('2015-04-24', 54, 5, 2, 3, '2015-06-23', NULL, NULL);
INSERT INTO `ata_docs` VALUES ('2015-04-27', 39, 3, 2, 5, '2015-06-23', NULL, NULL);
INSERT INTO `ata_docs` VALUES ('2015-04-28', 27, 1, 2, 2, '2015-06-23', NULL, NULL);
INSERT INTO `ata_docs` VALUES ('2015-04-29', 30, 4, 4, 9, '2015-06-23', NULL, NULL);
INSERT INTO `ata_docs` VALUES ('2015-04-30', 272, 19, 9, 9, '2015-06-23', NULL, NULL);
INSERT INTO `ata_docs` VALUES ('2015-05-04', 166, 4, 7, 16, '2015-06-23', NULL, NULL);
INSERT INTO `ata_docs` VALUES ('2015-05-05', 112, 6, 6, 11, '2015-06-23', NULL, NULL);
INSERT INTO `ata_docs` VALUES ('2015-05-06', 52, 5, 2, 1, '2015-06-23', NULL, NULL);
INSERT INTO `ata_docs` VALUES ('2015-05-07', 41, 3, 1, 3, '2015-06-23', NULL, NULL);
INSERT INTO `ata_docs` VALUES ('2015-05-08', 167, 10, 12, 10, '2015-06-23', NULL, NULL);
INSERT INTO `ata_docs` VALUES ('2015-05-11', 77, 5, 13, 24, '2015-06-23', NULL, NULL);
INSERT INTO `ata_docs` VALUES ('2015-05-12', 34, 2, 5, 3, '2015-06-23', NULL, NULL);
INSERT INTO `ata_docs` VALUES ('2015-05-13', 31, 7, 1, 6, '2015-06-23', NULL, NULL);
INSERT INTO `ata_docs` VALUES ('2015-05-14', 31, 3, 1, 6, '2015-06-23', NULL, NULL);
INSERT INTO `ata_docs` VALUES ('2015-05-15', 115, 16, 4, 10, '2015-06-23', NULL, NULL);
INSERT INTO `ata_docs` VALUES ('2015-05-18', 44, 5, 10, 14, '2015-06-23', NULL, NULL);
INSERT INTO `ata_docs` VALUES ('2015-05-19', 29, 2, 12, 6, '2015-06-23', NULL, NULL);
INSERT INTO `ata_docs` VALUES ('2015-05-20', 39, 2, 8, 5, '2015-06-23', NULL, NULL);
INSERT INTO `ata_docs` VALUES ('2015-05-21', 7, 5, 1, 1, '2015-06-23', NULL, NULL);
INSERT INTO `ata_docs` VALUES ('2015-05-22', 64, 9, 2, 2, '2015-06-23', NULL, NULL);
INSERT INTO `ata_docs` VALUES ('2015-05-25', 51, 5, 3, 6, '2015-06-23', NULL, NULL);
INSERT INTO `ata_docs` VALUES ('2015-05-26', 29, 3, 0, 9, '2015-06-23', NULL, NULL);
INSERT INTO `ata_docs` VALUES ('2015-05-27', 24, 2, 3, 7, '2015-06-23', NULL, NULL);
INSERT INTO `ata_docs` VALUES ('2015-05-28', 37, 2, 7, 6, '2015-06-23', NULL, NULL);
INSERT INTO `ata_docs` VALUES ('2015-05-29', 236, 23, 0, 5, '2015-06-23', NULL, NULL);
INSERT INTO `ata_docs` VALUES ('2015-06-01', 152, 2, 8, 9, '2016-01-22', NULL, NULL);
INSERT INTO `ata_docs` VALUES ('2015-06-02', 67, 9, 8, 5, '2016-01-22', NULL, NULL);
INSERT INTO `ata_docs` VALUES ('2015-06-03', 89, 7, 9, 9, '2016-01-22', NULL, NULL);
INSERT INTO `ata_docs` VALUES ('2015-06-05', 21, 0, 0, 1, '2016-01-22', NULL, NULL);
INSERT INTO `ata_docs` VALUES ('2015-06-08', 79, 6, 6, 12, '2016-01-22', NULL, NULL);
INSERT INTO `ata_docs` VALUES ('2015-06-09', 51, 4, 6, 5, '2016-01-22', NULL, NULL);
INSERT INTO `ata_docs` VALUES ('2015-06-10', 137, 10, 15, 6, '2016-01-22', NULL, NULL);
INSERT INTO `ata_docs` VALUES ('2015-06-11', 43, 6, 5, 4, '2016-01-22', NULL, NULL);
INSERT INTO `ata_docs` VALUES ('2015-06-12', 44, 3, 3, 3, '2016-01-22', NULL, NULL);
INSERT INTO `ata_docs` VALUES ('2015-06-15', 119, 5, 17, 13, '2016-01-22', NULL, NULL);
INSERT INTO `ata_docs` VALUES ('2015-06-16', 28, 4, 2, 8, '2016-01-22', NULL, NULL);
INSERT INTO `ata_docs` VALUES ('2015-06-17', 32, 1, 14, 17, '2016-01-22', NULL, NULL);
INSERT INTO `ata_docs` VALUES ('2015-06-18', 21, 1, 2, 0, '2016-01-22', NULL, NULL);
INSERT INTO `ata_docs` VALUES ('2015-06-19', 25, 2, 1, 2, '2016-01-22', NULL, NULL);
INSERT INTO `ata_docs` VALUES ('2015-06-22', 74, 5, 14, 12, '2016-01-22', NULL, NULL);
INSERT INTO `ata_docs` VALUES ('2015-06-23', 40, 2, 1, 2, '2016-01-22', NULL, NULL);
INSERT INTO `ata_docs` VALUES ('2015-06-24', 21, 1, 1, 0, '2016-01-22', NULL, NULL);
INSERT INTO `ata_docs` VALUES ('2015-06-25', 23, 1, 4, 4, '2016-01-22', NULL, NULL);
INSERT INTO `ata_docs` VALUES ('2015-06-26', 15, 0, 4, 5, '2016-01-22', NULL, NULL);
INSERT INTO `ata_docs` VALUES ('2015-06-29', 42, 1, 4, 2, '2016-01-22', NULL, NULL);
INSERT INTO `ata_docs` VALUES ('2015-06-30', 256, 19, 12, 10, '2016-01-22', NULL, NULL);
INSERT INTO `ata_docs` VALUES ('2015-07-01', 112, 1, 8, 5, '2016-01-22', NULL, NULL);
INSERT INTO `ata_docs` VALUES ('2015-07-02', 61, 1, 4, 1, '2016-01-22', NULL, NULL);
INSERT INTO `ata_docs` VALUES ('2015-07-03', 75, 5, 5, 6, '2016-01-22', NULL, NULL);
INSERT INTO `ata_docs` VALUES ('2015-07-06', 109, 4, 6, 9, '2016-01-22', NULL, NULL);
INSERT INTO `ata_docs` VALUES ('2015-07-07', 103, 3, 6, 10, '2016-01-22', NULL, NULL);
INSERT INTO `ata_docs` VALUES ('2015-07-08', 86, 4, 5, 7, '2016-01-22', NULL, NULL);
INSERT INTO `ata_docs` VALUES ('2015-07-10', 57, 1, 13, 0, '2016-01-22', NULL, NULL);
INSERT INTO `ata_docs` VALUES ('2015-07-13', 57, 4, 10, 10, '2016-01-22', NULL, NULL);
INSERT INTO `ata_docs` VALUES ('2015-07-14', 36, 4, 6, 4, '2016-01-22', NULL, NULL);
INSERT INTO `ata_docs` VALUES ('2015-07-15', 106, 5, 8, 5, '2016-01-22', NULL, NULL);
INSERT INTO `ata_docs` VALUES ('2015-07-16', 40, 3, 7, 3, '2016-01-22', NULL, NULL);
INSERT INTO `ata_docs` VALUES ('2015-07-17', 42, 3, 5, 8, '2016-01-22', NULL, NULL);
INSERT INTO `ata_docs` VALUES ('2015-07-20', 47, 3, 18, 19, '2016-01-22', NULL, NULL);
INSERT INTO `ata_docs` VALUES ('2015-07-21', 19, 2, 7, 3, '2016-01-22', NULL, NULL);
INSERT INTO `ata_docs` VALUES ('2015-07-22', 21, 3, 0, 5, '2016-01-22', NULL, NULL);
INSERT INTO `ata_docs` VALUES ('2015-07-23', 56, 4, 4, 1, '2016-01-22', NULL, NULL);
INSERT INTO `ata_docs` VALUES ('2015-07-24', 41, 3, 5, 2, '2016-01-22', NULL, NULL);
INSERT INTO `ata_docs` VALUES ('2015-07-28', 51, 1, 7, 7, '2016-01-22', NULL, NULL);
INSERT INTO `ata_docs` VALUES ('2015-07-29', 23, 1, 0, 2, '2016-01-22', NULL, NULL);
INSERT INTO `ata_docs` VALUES ('2015-07-30', 252, 17, 15, 6, '2016-01-22', NULL, NULL);
INSERT INTO `ata_docs` VALUES ('2015-07-31', 116, 5, 12, 7, '2016-01-22', NULL, NULL);
INSERT INTO `ata_docs` VALUES ('2015-08-03', 141, 6, 2, 5, '2016-01-22', NULL, NULL);
INSERT INTO `ata_docs` VALUES ('2015-08-04', 45, 4, 7, 2, '2016-01-22', NULL, NULL);
INSERT INTO `ata_docs` VALUES ('2015-08-05', 69, 5, 16, 3, '2016-01-22', NULL, NULL);
INSERT INTO `ata_docs` VALUES ('2015-08-06', 53, 3, 5, 11, '2016-01-22', NULL, NULL);
INSERT INTO `ata_docs` VALUES ('2015-08-07', 117, 2, 6, 6, '2016-01-22', NULL, NULL);
INSERT INTO `ata_docs` VALUES ('2015-08-10', 98, 6, 21, 4, '2016-01-22', NULL, NULL);
INSERT INTO `ata_docs` VALUES ('2015-08-11', 36, 3, 6, 4, '2016-01-22', NULL, NULL);
INSERT INTO `ata_docs` VALUES ('2015-08-12', 30, 0, 11, 22, '2016-01-22', NULL, NULL);
INSERT INTO `ata_docs` VALUES ('2015-08-13', 41, 6, 2, 1, '2016-01-22', NULL, NULL);
INSERT INTO `ata_docs` VALUES ('2015-08-14', 80, 4, 1, 3, '2016-01-22', NULL, NULL);
INSERT INTO `ata_docs` VALUES ('2015-08-17', 77, 6, 11, 10, '2016-01-22', NULL, NULL);
INSERT INTO `ata_docs` VALUES ('2015-08-18', 36, 0, 15, 4, '2016-01-22', NULL, NULL);
INSERT INTO `ata_docs` VALUES ('2015-08-19', 31, 2, 3, 8, '2016-01-22', NULL, NULL);
INSERT INTO `ata_docs` VALUES ('2015-08-20', 62, 4, 8, 5, '2016-01-22', NULL, NULL);
INSERT INTO `ata_docs` VALUES ('2015-08-21', 16, 2, 5, 3, '2016-01-22', NULL, NULL);
INSERT INTO `ata_docs` VALUES ('2015-08-24', 52, 1, 6, 2, '2016-01-22', NULL, NULL);
INSERT INTO `ata_docs` VALUES ('2015-08-25', 26, 1, 4, 5, '2016-01-22', NULL, NULL);
INSERT INTO `ata_docs` VALUES ('2015-08-26', 21, 7, 7, 5, '2016-01-22', NULL, NULL);
INSERT INTO `ata_docs` VALUES ('2015-08-27', 14, 1, 3, 6, '2016-01-22', NULL, NULL);
INSERT INTO `ata_docs` VALUES ('2015-08-28', 216, 9, 7, 9, '2016-01-22', NULL, NULL);
INSERT INTO `ata_docs` VALUES ('2015-08-31', 139, 4, 20, 4, '2016-01-22', NULL, NULL);
INSERT INTO `ata_docs` VALUES ('2015-09-01', 117, 4, 2, 8, '2016-01-22', NULL, NULL);
INSERT INTO `ata_docs` VALUES ('2015-09-02', 69, 4, 9, 7, '2016-01-22', NULL, NULL);
INSERT INTO `ata_docs` VALUES ('2015-09-03', 77, 6, 6, 4, '2016-01-22', NULL, NULL);
INSERT INTO `ata_docs` VALUES ('2015-09-04', 89, 4, 9, 1, '2016-01-22', NULL, NULL);
INSERT INTO `ata_docs` VALUES ('2015-09-08', 146, 2, 11, 14, '2016-01-22', NULL, NULL);
INSERT INTO `ata_docs` VALUES ('2015-09-09', 56, 1, 3, 9, '2016-01-22', NULL, NULL);
INSERT INTO `ata_docs` VALUES ('2015-09-10', 85, 7, 12, 6, '2016-01-22', NULL, NULL);
INSERT INTO `ata_docs` VALUES ('2015-09-11', 43, 5, 1, 4, '2016-01-22', NULL, NULL);
INSERT INTO `ata_docs` VALUES ('2015-09-14', 33, 3, 12, 3, '2016-01-22', NULL, NULL);
INSERT INTO `ata_docs` VALUES ('2015-09-15', 93, 9, 13, 5, '2016-01-22', NULL, NULL);
INSERT INTO `ata_docs` VALUES ('2015-09-16', 33, 3, 7, 14, '2016-01-22', NULL, NULL);
INSERT INTO `ata_docs` VALUES ('2015-09-17', 36, 2, 7, 2, '2016-01-22', NULL, NULL);
INSERT INTO `ata_docs` VALUES ('2015-09-18', 25, 2, 3, 10, '2016-01-22', NULL, NULL);
INSERT INTO `ata_docs` VALUES ('2015-09-21', 81, 2, 15, 17, '2016-01-22', NULL, NULL);
INSERT INTO `ata_docs` VALUES ('2015-09-22', 17, 2, 2, 6, '2016-01-22', NULL, NULL);
INSERT INTO `ata_docs` VALUES ('2015-09-23', 41, 0, 2, 8, '2016-01-22', NULL, NULL);
INSERT INTO `ata_docs` VALUES ('2015-09-24', 21, 1, 2, 0, '2016-01-22', NULL, NULL);
INSERT INTO `ata_docs` VALUES ('2015-09-28', 49, 7, 8, 4, '2016-01-22', NULL, NULL);
INSERT INTO `ata_docs` VALUES ('2015-09-29', 31, 10, 2, 2, '2016-01-22', NULL, NULL);
INSERT INTO `ata_docs` VALUES ('2015-09-30', 281, 20, 16, 38, '2016-01-22', NULL, NULL);
INSERT INTO `ata_docs` VALUES ('2015-10-01', 125, 4, 3, 6, '2016-01-22', NULL, NULL);
INSERT INTO `ata_docs` VALUES ('2015-10-02', 83, 3, 9, 10, '2016-01-22', NULL, NULL);
INSERT INTO `ata_docs` VALUES ('2015-10-05', 102, 4, 15, 9, '2016-01-22', NULL, NULL);
INSERT INTO `ata_docs` VALUES ('2015-10-06', 68, 1, 7, 8, '2016-01-22', NULL, NULL);
INSERT INTO `ata_docs` VALUES ('2015-10-07', 71, 6, 3, 7, '2016-01-22', NULL, NULL);
INSERT INTO `ata_docs` VALUES ('2015-10-08', 76, 6, 10, 11, '2016-01-22', NULL, NULL);
INSERT INTO `ata_docs` VALUES ('2015-10-09', 69, 6, 7, 6, '2016-01-22', NULL, NULL);
INSERT INTO `ata_docs` VALUES ('2015-10-13', 102, 3, 18, 11, '2016-01-22', NULL, NULL);
INSERT INTO `ata_docs` VALUES ('2015-10-14', 51, 1, 3, 5, '2016-01-22', NULL, NULL);
INSERT INTO `ata_docs` VALUES ('2015-10-15', 115, 9, 13, 19, '2016-01-22', NULL, NULL);
INSERT INTO `ata_docs` VALUES ('2015-10-16', 44, 3, 6, 10, '2016-01-22', NULL, NULL);
INSERT INTO `ata_docs` VALUES ('2015-10-19', 64, 3, 11, 7, '2016-01-22', NULL, NULL);
INSERT INTO `ata_docs` VALUES ('2015-10-20', 48, 5, 14, 25, '2016-01-22', NULL, NULL);
INSERT INTO `ata_docs` VALUES ('2015-10-21', 23, 4, 9, 11, '2016-01-22', NULL, NULL);
INSERT INTO `ata_docs` VALUES ('2015-10-22', 28, 5, 2, 3, '2016-01-22', NULL, NULL);
INSERT INTO `ata_docs` VALUES ('2015-10-23', 60, 8, 2, 23, '2016-01-22', NULL, NULL);
INSERT INTO `ata_docs` VALUES ('2015-10-26', 43, 0, 15, 13, '2016-01-22', NULL, NULL);
INSERT INTO `ata_docs` VALUES ('2015-10-28', 22, 2, 6, 3, '2016-01-22', NULL, NULL);
INSERT INTO `ata_docs` VALUES ('2015-10-29', 165, 16, 2, 4, '2016-01-22', NULL, NULL);
INSERT INTO `ata_docs` VALUES ('2015-10-30', 95, 3, 0, 1, '2016-01-22', NULL, NULL);
INSERT INTO `ata_docs` VALUES ('2015-11-03', 86, 4, 31, 15, '2016-01-22', NULL, NULL);
INSERT INTO `ata_docs` VALUES ('2015-11-04', 74, 4, 2, 1, '2016-01-22', NULL, NULL);
INSERT INTO `ata_docs` VALUES ('2015-11-05', 50, 2, 4, 9, '2016-01-22', NULL, NULL);
INSERT INTO `ata_docs` VALUES ('2015-11-06', 58, 6, 3, 3, '2016-01-22', NULL, NULL);
INSERT INTO `ata_docs` VALUES ('2015-11-09', 100, 11, 7, 8, '2016-01-22', NULL, NULL);
INSERT INTO `ata_docs` VALUES ('2015-11-10', 104, 12, 13, 5, '2016-01-22', NULL, NULL);
INSERT INTO `ata_docs` VALUES ('2015-11-11', 42, 3, 5, 4, '2016-01-22', NULL, NULL);
INSERT INTO `ata_docs` VALUES ('2015-11-12', 16, 1, 3, 5, '2016-01-22', NULL, NULL);
INSERT INTO `ata_docs` VALUES ('2015-11-13', 76, 3, 4, 4, '2016-01-22', NULL, NULL);
INSERT INTO `ata_docs` VALUES ('2015-11-16', 85, 4, 18, 14, '2016-01-22', NULL, NULL);
INSERT INTO `ata_docs` VALUES ('2015-11-17', 20, 3, 5, 8, '2016-01-22', NULL, NULL);
INSERT INTO `ata_docs` VALUES ('2015-11-18', 20, 3, 3, 5, '2016-01-22', NULL, NULL);
INSERT INTO `ata_docs` VALUES ('2015-11-19', 19, 2, 4, 1, '2016-01-22', NULL, NULL);
INSERT INTO `ata_docs` VALUES ('2015-11-20', 131, 12, 11, 17, '2016-01-22', NULL, NULL);
INSERT INTO `ata_docs` VALUES ('2015-11-23', 63, 4, 11, 10, '2016-01-22', NULL, NULL);
INSERT INTO `ata_docs` VALUES ('2015-11-24', 34, 0, 9, 1, '2016-01-22', NULL, NULL);
INSERT INTO `ata_docs` VALUES ('2015-11-25', 31, 3, 4, 9, '2016-01-22', NULL, NULL);
INSERT INTO `ata_docs` VALUES ('2015-11-26', 23, 1, 6, 2, '2016-01-22', NULL, NULL);
INSERT INTO `ata_docs` VALUES ('2015-11-27', 54, 7, 3, 3, '2016-01-22', NULL, NULL);
INSERT INTO `ata_docs` VALUES ('2015-11-30', 250, 20, 4, 10, '2016-01-22', NULL, NULL);
INSERT INTO `ata_docs` VALUES ('2015-12-01', 100, 5, 37, 9, '2016-01-22', NULL, NULL);
INSERT INTO `ata_docs` VALUES ('2015-12-02', 77, 6, 1, 6, '2016-01-22', NULL, NULL);
INSERT INTO `ata_docs` VALUES ('2015-12-03', 98, 7, 1, 9, '2016-01-22', NULL, NULL);
INSERT INTO `ata_docs` VALUES ('2015-12-04', 72, 2, 3, 4, '2016-01-22', NULL, NULL);
INSERT INTO `ata_docs` VALUES ('2015-12-07', 80, 3, 17, 16, '2016-01-22', NULL, NULL);
INSERT INTO `ata_docs` VALUES ('2015-12-08', 89, 7, 5, 8, '2016-01-22', NULL, NULL);
INSERT INTO `ata_docs` VALUES ('2015-12-09', 50, 1, 0, 2, '2016-01-22', NULL, NULL);
INSERT INTO `ata_docs` VALUES ('2015-12-10', 85, 13, 9, 5, '2016-01-22', NULL, NULL);
INSERT INTO `ata_docs` VALUES ('2015-12-11', 47, 6, 8, 9, '2016-01-22', NULL, NULL);
INSERT INTO `ata_docs` VALUES ('2015-12-14', 38, 3, 7, 3, '2016-01-22', NULL, NULL);
INSERT INTO `ata_docs` VALUES ('2015-12-15', 103, 5, 11, 9, '2016-01-22', NULL, NULL);
INSERT INTO `ata_docs` VALUES ('2015-12-16', 60, 2, 4, 6, '2016-01-22', NULL, NULL);
INSERT INTO `ata_docs` VALUES ('2015-12-17', 47, 0, 13, 8, '2016-01-22', NULL, NULL);
INSERT INTO `ata_docs` VALUES ('2015-12-18', 27, 4, 0, 3, '2016-01-22', NULL, NULL);
INSERT INTO `ata_docs` VALUES ('2015-12-21', 84, 7, 12, 15, '2016-01-22', NULL, NULL);
INSERT INTO `ata_docs` VALUES ('2015-12-22', 34, 6, 32, 5, '2016-01-22', NULL, NULL);
INSERT INTO `ata_docs` VALUES ('2015-12-23', 72, 3, 3, 0, '2016-01-22', NULL, NULL);
INSERT INTO `ata_docs` VALUES ('2015-12-24', 3, 1, 1, 0, '2016-01-22', NULL, NULL);
INSERT INTO `ata_docs` VALUES ('2015-12-28', 35, 1, 9, 7, '2016-01-22', NULL, NULL);
INSERT INTO `ata_docs` VALUES ('2015-12-29', 37, 0, 0, 5, '2016-01-22', NULL, NULL);
INSERT INTO `ata_docs` VALUES ('2015-12-30', 250, 14, 3, 13, '2016-01-22', NULL, NULL);
INSERT INTO `ata_docs` VALUES ('2016-01-04', 176, 5, 10, 9, '2016-10-11', NULL, NULL);
INSERT INTO `ata_docs` VALUES ('2016-01-05', 75, 1, 5, 7, '2016-10-11', NULL, NULL);
INSERT INTO `ata_docs` VALUES ('2016-01-06', 63, 6, 3, 8, '2016-10-11', NULL, NULL);
INSERT INTO `ata_docs` VALUES ('2016-01-07', 34, 5, 2, 7, '2016-10-11', NULL, NULL);
INSERT INTO `ata_docs` VALUES ('2016-01-08', 85, 5, 5, 3, '2016-10-11', NULL, NULL);
INSERT INTO `ata_docs` VALUES ('2016-01-11', 89, 7, 4, 1, '2016-10-11', NULL, NULL);
INSERT INTO `ata_docs` VALUES ('2016-01-12', 154, 5, 18, 5, '2016-10-11', NULL, NULL);
INSERT INTO `ata_docs` VALUES ('2016-01-13', 39, 2, 7, 2, '2016-10-11', NULL, NULL);
INSERT INTO `ata_docs` VALUES ('2016-01-14', 28, 3, 2, 3, '2016-10-11', NULL, NULL);
INSERT INTO `ata_docs` VALUES ('2016-01-15', 150, 5, 10, 8, '2016-10-11', NULL, NULL);
INSERT INTO `ata_docs` VALUES ('2016-01-18', 56, 3, 6, 10, '2016-10-11', NULL, NULL);
INSERT INTO `ata_docs` VALUES ('2016-01-19', 19, 3, 6, 3, '2016-10-11', NULL, NULL);
INSERT INTO `ata_docs` VALUES ('2016-01-20', 37, 1, 6, 5, '2016-10-11', NULL, NULL);
INSERT INTO `ata_docs` VALUES ('2016-01-21', 30, 1, 3, 2, '2016-10-11', NULL, NULL);
INSERT INTO `ata_docs` VALUES ('2016-01-22', 40, 2, 2, 1, '2016-10-11', NULL, NULL);
INSERT INTO `ata_docs` VALUES ('2016-01-25', 72, 4, 8, 19, '2016-10-11', NULL, NULL);
INSERT INTO `ata_docs` VALUES ('2016-01-26', 11, 0, 2, 2, '2016-10-11', NULL, NULL);
INSERT INTO `ata_docs` VALUES ('2016-01-27', 26, 4, 13, 2, '2016-10-11', NULL, NULL);
INSERT INTO `ata_docs` VALUES ('2016-01-28', 34, 1, 7, 9, '2016-10-11', NULL, NULL);
INSERT INTO `ata_docs` VALUES ('2016-01-29', 254, 15, 1, 6, '2016-10-11', NULL, NULL);
INSERT INTO `ata_docs` VALUES ('2016-02-01', 145, 2, 3, 9, '2016-10-11', NULL, NULL);
INSERT INTO `ata_docs` VALUES ('2016-02-02', 65, 2, 4, 10, '2016-10-11', NULL, NULL);
INSERT INTO `ata_docs` VALUES ('2016-02-03', 98, 7, 3, 5, '2016-10-11', NULL, NULL);
INSERT INTO `ata_docs` VALUES ('2016-02-04', 37, 2, 1, 8, '2016-10-11', NULL, NULL);
INSERT INTO `ata_docs` VALUES ('2016-02-05', 134, 22, 18, 43, '2016-10-11', NULL, NULL);
INSERT INTO `ata_docs` VALUES ('2016-02-10', 80, 3, 2, 12, '2016-10-11', NULL, NULL);
INSERT INTO `ata_docs` VALUES ('2016-02-11', 100, 5, 12, 4, '2016-10-11', NULL, NULL);
INSERT INTO `ata_docs` VALUES ('2016-02-12', 61, 7, 3, 11, '2016-10-11', NULL, NULL);
INSERT INTO `ata_docs` VALUES ('2016-02-15', 132, 6, 5, 11, '2016-10-11', NULL, NULL);
INSERT INTO `ata_docs` VALUES ('2016-02-16', 38, 4, 1, 3, '2016-10-11', NULL, NULL);
INSERT INTO `ata_docs` VALUES ('2016-02-17', 27, 4, 7, 13, '2016-10-11', NULL, NULL);
INSERT INTO `ata_docs` VALUES ('2016-02-18', 18, 0, 3, 2, '2016-10-11', NULL, NULL);
INSERT INTO `ata_docs` VALUES ('2016-02-19', 44, 5, 1, 2, '2016-10-11', NULL, NULL);
INSERT INTO `ata_docs` VALUES ('2016-02-22', 34, 2, 13, 5, '2016-10-11', NULL, NULL);
INSERT INTO `ata_docs` VALUES ('2016-02-23', 38, 0, 1, 3, '2016-10-11', NULL, NULL);
INSERT INTO `ata_docs` VALUES ('2016-02-24', 98, 3, 3, 3, '2016-10-11', NULL, NULL);
INSERT INTO `ata_docs` VALUES ('2016-02-25', 31, 1, 15, 8, '2016-10-11', NULL, NULL);
INSERT INTO `ata_docs` VALUES ('2016-02-26', 33, 3, 3, 0, '2016-10-11', NULL, NULL);
INSERT INTO `ata_docs` VALUES ('2016-02-29', 236, 16, 7, 14, '2016-10-11', NULL, NULL);
INSERT INTO `ata_docs` VALUES ('2016-03-01', 138, 3, 6, 6, '2016-10-11', NULL, NULL);
INSERT INTO `ata_docs` VALUES ('2016-03-02', 86, 3, 4, 24, '2016-10-11', NULL, NULL);
INSERT INTO `ata_docs` VALUES ('2016-03-03', 123, 8, 5, 4, '2016-10-11', NULL, NULL);
INSERT INTO `ata_docs` VALUES ('2016-03-04', 119, 9, 1, 5, '2016-10-11', NULL, NULL);
INSERT INTO `ata_docs` VALUES ('2016-03-07', 116, 8, 10, 4, '2016-10-11', NULL, NULL);
INSERT INTO `ata_docs` VALUES ('2016-03-08', 126, 7, 7, 5, '2016-10-11', NULL, NULL);
INSERT INTO `ata_docs` VALUES ('2016-03-09', 72, 2, 4, 2, '2016-10-11', NULL, NULL);
INSERT INTO `ata_docs` VALUES ('2016-03-10', 84, 8, 8, 7, '2016-10-11', NULL, NULL);
INSERT INTO `ata_docs` VALUES ('2016-03-11', 52, 1, 0, 3, '2016-10-11', NULL, NULL);
INSERT INTO `ata_docs` VALUES ('2016-03-14', 85, 1, 0, 7, '2016-10-11', NULL, NULL);
INSERT INTO `ata_docs` VALUES ('2016-03-15', 139, 7, 6, 3, '2016-10-11', NULL, NULL);
INSERT INTO `ata_docs` VALUES ('2016-03-16', 42, 6, 17, 11, '2016-10-11', NULL, NULL);
INSERT INTO `ata_docs` VALUES ('2016-03-17', 32, 2, 0, 3, '2016-10-11', NULL, NULL);
INSERT INTO `ata_docs` VALUES ('2016-03-18', 41, 8, 3, 9, '2016-10-11', NULL, NULL);
INSERT INTO `ata_docs` VALUES ('2016-03-21', 83, 1, 3, 4, '2016-10-11', NULL, NULL);
INSERT INTO `ata_docs` VALUES ('2016-03-22', 43, 3, 4, 3, '2016-10-11', NULL, NULL);
INSERT INTO `ata_docs` VALUES ('2016-03-23', 67, 4, 1, 4, '2016-10-11', NULL, NULL);
INSERT INTO `ata_docs` VALUES ('2016-03-24', 7, 0, 0, 0, '2016-10-11', NULL, NULL);
INSERT INTO `ata_docs` VALUES ('2016-03-28', 28, 1, 4, 7, '2016-10-11', NULL, NULL);
INSERT INTO `ata_docs` VALUES ('2016-03-29', 25, 3, 2, 6, '2016-10-11', NULL, NULL);
INSERT INTO `ata_docs` VALUES ('2016-03-30', 226, 18, 7, 11, '2016-10-11', NULL, NULL);
INSERT INTO `ata_docs` VALUES ('2016-03-31', 145, 6, 3, 1, '2016-10-11', NULL, NULL);
INSERT INTO `ata_docs` VALUES ('2016-04-01', 149, 7, 7, 5, '2016-10-11', NULL, NULL);
INSERT INTO `ata_docs` VALUES ('2016-04-04', 121, 2, 5, 9, '2016-10-11', NULL, NULL);
INSERT INTO `ata_docs` VALUES ('2016-04-05', 82, 7, 3, 10, '2016-10-11', NULL, NULL);
INSERT INTO `ata_docs` VALUES ('2016-04-06', 52, 5, 6, 7, '2016-10-11', NULL, NULL);
INSERT INTO `ata_docs` VALUES ('2016-04-07', 144, 9, 2, 9, '2016-10-11', NULL, NULL);
INSERT INTO `ata_docs` VALUES ('2016-04-08', 56, 5, 8, 11, '2016-10-11', NULL, NULL);
INSERT INTO `ata_docs` VALUES ('2016-04-11', 114, 8, 2, 3, '2016-10-11', NULL, NULL);
INSERT INTO `ata_docs` VALUES ('2016-04-12', 41, 2, 2, 2, '2016-10-11', NULL, NULL);
INSERT INTO `ata_docs` VALUES ('2016-04-13', 25, 3, 1, 2, '2016-10-11', NULL, NULL);
INSERT INTO `ata_docs` VALUES ('2016-04-14', 48, 3, 1, 3, '2016-10-11', NULL, NULL);
INSERT INTO `ata_docs` VALUES ('2016-04-15', 123, 7, 1, 9, '2016-10-11', NULL, NULL);
INSERT INTO `ata_docs` VALUES ('2016-04-18', 54, 3, 7, 8, '2016-10-11', NULL, NULL);
INSERT INTO `ata_docs` VALUES ('2016-04-19', 46, 3, 1, 1, '2016-10-11', NULL, NULL);
INSERT INTO `ata_docs` VALUES ('2016-04-20', 51, 3, 7, 2, '2016-10-11', NULL, NULL);
INSERT INTO `ata_docs` VALUES ('2016-04-22', 5, 0, 12, 1, '2016-10-11', NULL, NULL);
INSERT INTO `ata_docs` VALUES ('2016-04-25', 37, 4, 2, 5, '2016-10-11', NULL, NULL);
INSERT INTO `ata_docs` VALUES ('2016-04-26', 72, 0, 0, 1, '2016-10-11', NULL, NULL);
INSERT INTO `ata_docs` VALUES ('2016-04-27', 30, 4, 4, 2, '2016-10-11', NULL, NULL);
INSERT INTO `ata_docs` VALUES ('2016-04-28', 24, 0, 1, 2, '2016-10-11', NULL, NULL);
INSERT INTO `ata_docs` VALUES ('2016-04-29', 234, 15, 5, 7, '2016-10-11', NULL, NULL);
INSERT INTO `ata_docs` VALUES ('2016-05-02', 150, 8, 9, 18, '2016-10-11', NULL, NULL);
INSERT INTO `ata_docs` VALUES ('2016-05-03', 99, 11, 7, 2, '2016-10-11', NULL, NULL);
INSERT INTO `ata_docs` VALUES ('2016-05-04', 60, 5, 1, 9, '2016-10-11', NULL, NULL);
INSERT INTO `ata_docs` VALUES ('2016-05-05', 58, 2, 5, 3, '2016-10-11', NULL, NULL);
INSERT INTO `ata_docs` VALUES ('2016-05-06', 96, 10, 4, 3, '2016-10-11', NULL, NULL);
INSERT INTO `ata_docs` VALUES ('2016-05-09', 121, 3, 5, 16, '2016-10-11', NULL, NULL);
INSERT INTO `ata_docs` VALUES ('2016-05-10', 84, 11, 4, 8, '2016-10-11', NULL, NULL);
INSERT INTO `ata_docs` VALUES ('2016-05-11', 48, 0, 1, 6, '2016-10-11', NULL, NULL);
INSERT INTO `ata_docs` VALUES ('2016-05-12', 37, 8, 8, 6, '2016-10-11', NULL, NULL);
INSERT INTO `ata_docs` VALUES ('2016-05-13', 96, 4, 2, 6, '2016-10-11', NULL, NULL);
INSERT INTO `ata_docs` VALUES ('2016-05-16', 112, 4, 23, 10, '2016-10-11', NULL, NULL);
INSERT INTO `ata_docs` VALUES ('2016-05-17', 18, 1, 0, 0, '2016-10-11', NULL, NULL);
INSERT INTO `ata_docs` VALUES ('2016-05-18', 23, 5, 1, 0, '2016-10-11', NULL, NULL);
INSERT INTO `ata_docs` VALUES ('2016-05-19', 36, 4, 1, 5, '2016-10-11', NULL, NULL);
INSERT INTO `ata_docs` VALUES ('2016-05-20', 36, 10, 1, 3, '2016-10-11', NULL, NULL);
INSERT INTO `ata_docs` VALUES ('2016-05-23', 71, 4, 4, 4, '2016-10-11', NULL, NULL);
INSERT INTO `ata_docs` VALUES ('2016-05-24', 32, 1, 16, 6, '2016-10-11', NULL, NULL);
INSERT INTO `ata_docs` VALUES ('2016-05-25', 58, 2, 3, 1, '2016-10-11', NULL, NULL);
INSERT INTO `ata_docs` VALUES ('2016-05-27', 9, 1, 0, 0, '2016-10-11', NULL, NULL);
INSERT INTO `ata_docs` VALUES ('2016-05-30', 232, 14, 13, 10, '2016-10-11', NULL, NULL);
INSERT INTO `ata_docs` VALUES ('2016-05-31', 87, 4, 1, 4, '2016-10-11', NULL, NULL);
INSERT INTO `ata_docs` VALUES ('2016-06-01', 113, 11, 4, 11, '2016-10-11', NULL, NULL);
INSERT INTO `ata_docs` VALUES ('2016-06-02', 68, 5, 3, 10, '2016-10-11', NULL, NULL);
INSERT INTO `ata_docs` VALUES ('2016-06-03', 82, 4, 1, 6, '2016-10-11', NULL, NULL);
INSERT INTO `ata_docs` VALUES ('2016-06-06', 99, 4, 5, 6, '2016-10-11', NULL, NULL);
INSERT INTO `ata_docs` VALUES ('2016-06-07', 131, 7, 3, 2, '2016-10-11', NULL, NULL);
INSERT INTO `ata_docs` VALUES ('2016-06-08', 54, 4, 7, 11, '2016-10-11', NULL, NULL);
INSERT INTO `ata_docs` VALUES ('2016-06-09', 36, 9, 3, 4, '2016-10-11', NULL, NULL);
INSERT INTO `ata_docs` VALUES ('2016-06-10', 80, 5, 2, 6, '2016-10-11', NULL, NULL);
INSERT INTO `ata_docs` VALUES ('2016-06-13', 61, 3, 4, 10, '2016-10-11', NULL, NULL);
INSERT INTO `ata_docs` VALUES ('2016-06-14', 33, 2, 0, 3, '2016-10-11', NULL, NULL);
INSERT INTO `ata_docs` VALUES ('2016-06-15', 88, 10, 7, 7, '2016-10-11', NULL, NULL);
INSERT INTO `ata_docs` VALUES ('2016-06-16', 43, 3, 1, 3, '2016-10-11', NULL, NULL);
INSERT INTO `ata_docs` VALUES ('2016-06-17', 24, 2, 1, 8, '2016-10-11', NULL, NULL);
INSERT INTO `ata_docs` VALUES ('2016-06-20', 79, 1, 7, 4, '2016-10-11', NULL, NULL);
INSERT INTO `ata_docs` VALUES ('2016-06-21', 16, 1, 1, 2, '2016-10-11', NULL, NULL);
INSERT INTO `ata_docs` VALUES ('2016-06-22', 7, 1, 3, 2, '2016-10-11', NULL, NULL);
INSERT INTO `ata_docs` VALUES ('2016-06-23', 48, 2, 3, 7, '2016-10-11', NULL, NULL);
INSERT INTO `ata_docs` VALUES ('2016-06-24', 27, 2, 2, 2, '2016-10-11', NULL, NULL);
INSERT INTO `ata_docs` VALUES ('2016-06-27', 31, 1, 2, 1, '2016-10-11', NULL, NULL);
INSERT INTO `ata_docs` VALUES ('2016-06-28', 24, 3, 0, 5, '2016-10-11', NULL, NULL);
INSERT INTO `ata_docs` VALUES ('2016-06-29', 54, 4, 2, 3, '2016-10-11', NULL, NULL);
INSERT INTO `ata_docs` VALUES ('2016-06-30', 231, 17, 7, 4, '2016-10-11', NULL, NULL);
INSERT INTO `ata_docs` VALUES ('2016-07-01', 150, 13, 8, 4, NULL, NULL, NULL);
INSERT INTO `ata_docs` VALUES ('2016-07-04', 123, 1, 8, 10, NULL, NULL, NULL);
INSERT INTO `ata_docs` VALUES ('2016-07-05', 87, 9, 2, 6, NULL, NULL, NULL);
INSERT INTO `ata_docs` VALUES ('2016-07-06', 50, 3, 2, 18, NULL, NULL, NULL);
INSERT INTO `ata_docs` VALUES ('2016-07-07', 64, 12, 4, 9, NULL, NULL, NULL);
INSERT INTO `ata_docs` VALUES ('2016-07-08', 96, 7, 7, 5, NULL, NULL, NULL);
INSERT INTO `ata_docs` VALUES ('2016-07-11', 86, 8, 2, 16, NULL, NULL, NULL);
INSERT INTO `ata_docs` VALUES ('2016-07-12', 38, 4, 3, 8, NULL, NULL, NULL);
INSERT INTO `ata_docs` VALUES ('2016-07-13', 44, 0, 1, 3, NULL, NULL, NULL);
INSERT INTO `ata_docs` VALUES ('2016-07-14', 43, 5, 8, 6, NULL, NULL, NULL);
INSERT INTO `ata_docs` VALUES ('2016-07-15', 116, 7, 4, 9, NULL, NULL, NULL);
INSERT INTO `ata_docs` VALUES ('2016-07-18', 47, 2, 4, 10, NULL, NULL, NULL);
INSERT INTO `ata_docs` VALUES ('2016-07-19', 22, 7, 0, 5, NULL, NULL, NULL);
INSERT INTO `ata_docs` VALUES ('2016-07-20', 44, 3, 4, 1, NULL, NULL, NULL);
INSERT INTO `ata_docs` VALUES ('2016-07-21', 22, 3, 1, 8, NULL, NULL, NULL);
INSERT INTO `ata_docs` VALUES ('2016-07-22', 57, 4, 5, 6, NULL, NULL, NULL);
INSERT INTO `ata_docs` VALUES ('2016-07-25', 40, 3, 2, 4, NULL, NULL, NULL);
INSERT INTO `ata_docs` VALUES ('2016-07-26', 35, 1, 2, 2, NULL, NULL, NULL);
INSERT INTO `ata_docs` VALUES ('2016-07-28', 31, 0, 2, 4, NULL, NULL, NULL);
INSERT INTO `ata_docs` VALUES ('2016-07-29', 171, 15, 2, 8, NULL, NULL, NULL);
INSERT INTO `ata_docs` VALUES ('2016-08-01', 181, 10, 9, 13, NULL, NULL, NULL);
INSERT INTO `ata_docs` VALUES ('2016-08-02', 88, 6, 6, 7, NULL, NULL, NULL);
INSERT INTO `ata_docs` VALUES ('2016-08-03', 95, 4, 4, 6, NULL, NULL, NULL);
INSERT INTO `ata_docs` VALUES ('2016-08-04', 56, 3, 1, 9, NULL, NULL, NULL);
INSERT INTO `ata_docs` VALUES ('2016-08-05', 90, 12, 3, 5, NULL, NULL, NULL);
INSERT INTO `ata_docs` VALUES ('2016-08-08', 124, 2, 7, 17, NULL, NULL, NULL);
INSERT INTO `ata_docs` VALUES ('2016-08-09', 64, 7, 0, 3, NULL, NULL, NULL);
INSERT INTO `ata_docs` VALUES ('2016-08-10', 80, 10, 10, 10, NULL, NULL, NULL);
INSERT INTO `ata_docs` VALUES ('2016-08-11', 27, 1, 0, 2, NULL, NULL, NULL);
INSERT INTO `ata_docs` VALUES ('2016-08-12', 33, 3, 3, 3, NULL, NULL, NULL);
INSERT INTO `ata_docs` VALUES ('2016-08-15', 121, 5, 3, 5, NULL, NULL, NULL);
INSERT INTO `ata_docs` VALUES ('2016-08-16', 35, 1, 5, 5, NULL, NULL, NULL);
INSERT INTO `ata_docs` VALUES ('2016-08-17', 25, 1, 3, 4, NULL, NULL, NULL);
INSERT INTO `ata_docs` VALUES ('2016-08-18', 26, 2, 5, 2, NULL, NULL, NULL);
INSERT INTO `ata_docs` VALUES ('2016-08-19', 64, 3, 4, 3, NULL, NULL, NULL);
INSERT INTO `ata_docs` VALUES ('2016-08-22', 74, 2, 2, 5, NULL, NULL, NULL);
INSERT INTO `ata_docs` VALUES ('2016-08-23', 17, 2, 1, 2, NULL, NULL, NULL);
INSERT INTO `ata_docs` VALUES ('2016-08-24', 14, 3, 2, 3, NULL, NULL, NULL);
INSERT INTO `ata_docs` VALUES ('2016-08-25', 73, 5, 1, 2, NULL, NULL, NULL);
INSERT INTO `ata_docs` VALUES ('2016-08-26', 30, 4, 1, 3, NULL, NULL, NULL);
INSERT INTO `ata_docs` VALUES ('2016-08-29', 56, 4, 2, 8, NULL, NULL, NULL);
INSERT INTO `ata_docs` VALUES ('2016-08-30', 214, 23, 3, 2, NULL, NULL, NULL);
INSERT INTO `ata_docs` VALUES ('2016-08-31', 114, 2, 11, 5, NULL, NULL, NULL);
INSERT INTO `ata_docs` VALUES ('2016-09-01', 114, 5, 1, 6, NULL, NULL, NULL);
INSERT INTO `ata_docs` VALUES ('2016-09-02', 93, 10, 8, 5, NULL, NULL, NULL);
INSERT INTO `ata_docs` VALUES ('2016-09-05', 118, 4, 5, 8, NULL, NULL, NULL);
INSERT INTO `ata_docs` VALUES ('2016-09-06', 94, 6, 5, 5, NULL, NULL, NULL);
INSERT INTO `ata_docs` VALUES ('2016-09-08', 145, 2, 5, 6, NULL, NULL, NULL);
INSERT INTO `ata_docs` VALUES ('2016-09-09', 133, 9, 15, 12, NULL, NULL, NULL);
INSERT INTO `ata_docs` VALUES ('2016-09-12', 128, 4, 4, 9, NULL, NULL, NULL);
INSERT INTO `ata_docs` VALUES ('2016-09-13', 49, 2, 5, 3, NULL, NULL, NULL);
INSERT INTO `ata_docs` VALUES ('2016-09-14', 49, 4, 9, 15, NULL, NULL, NULL);
INSERT INTO `ata_docs` VALUES ('2016-09-15', 123, 12, 62, 7, NULL, NULL, NULL);
INSERT INTO `ata_docs` VALUES ('2016-09-16', 45, 1, 7, 10, NULL, NULL, NULL);
INSERT INTO `ata_docs` VALUES ('2016-09-19', 56, 2, 6, 11, NULL, NULL, NULL);
INSERT INTO `ata_docs` VALUES ('2016-09-20', 70, 4, 4, 6, NULL, NULL, NULL);
INSERT INTO `ata_docs` VALUES ('2016-09-21', 32, 1, 6, 2, NULL, NULL, NULL);
INSERT INTO `ata_docs` VALUES ('2016-09-22', 10, 3, 1, 2, NULL, NULL, NULL);
INSERT INTO `ata_docs` VALUES ('2016-09-23', 106, 5, 1, 4, NULL, NULL, NULL);
INSERT INTO `ata_docs` VALUES ('2016-09-26', 50, 1, 5, 15, NULL, NULL, NULL);
INSERT INTO `ata_docs` VALUES ('2016-09-27', 15, 2, 2, 1, NULL, NULL, NULL);
INSERT INTO `ata_docs` VALUES ('2016-09-28', 63, 3, 7, 3, NULL, NULL, NULL);
INSERT INTO `ata_docs` VALUES ('2016-09-29', 27, 0, 2, 2, NULL, NULL, NULL);
INSERT INTO `ata_docs` VALUES ('2016-09-30', 289, 19, 15, 17, NULL, NULL, NULL);
INSERT INTO `ata_docs` VALUES ('2016-10-03', 174, 2, 8, 13, NULL, NULL, NULL);
INSERT INTO `ata_docs` VALUES ('2016-10-04', 68, 3, 6, 7, NULL, NULL, NULL);
INSERT INTO `ata_docs` VALUES ('2016-10-05', 80, 2, 13, 13, NULL, NULL, NULL);
INSERT INTO `ata_docs` VALUES ('2016-10-06', 64, 3, 11, 8, NULL, NULL, NULL);
INSERT INTO `ata_docs` VALUES ('2016-10-07', 79, 6, 4, 8, NULL, NULL, NULL);
INSERT INTO `ata_docs` VALUES ('2016-10-10', 221, 16, 6, 4, NULL, NULL, NULL);
INSERT INTO `ata_docs` VALUES ('2016-10-11', 39, 4, 3, 8, NULL, NULL, NULL);
INSERT INTO `ata_docs` VALUES ('2016-10-13', 46, 4, 2, 5, NULL, NULL, NULL);
INSERT INTO `ata_docs` VALUES ('2016-10-14', 75, 12, 2, 6, NULL, NULL, NULL);
INSERT INTO `ata_docs` VALUES ('2016-10-17', 109, 4, 7, 14, NULL, NULL, NULL);
INSERT INTO `ata_docs` VALUES ('2016-10-18', 36, 2, 6, 5, NULL, NULL, NULL);
INSERT INTO `ata_docs` VALUES ('2016-10-19', 32, 2, 5, 6, NULL, NULL, NULL);
INSERT INTO `ata_docs` VALUES ('2016-10-20', 33, 1, 1, 7, NULL, NULL, NULL);
INSERT INTO `ata_docs` VALUES ('2016-10-21', 16, 2, 3, 3, NULL, NULL, NULL);
INSERT INTO `ata_docs` VALUES ('2016-10-24', 61, 3, 3, 8, NULL, NULL, NULL);
INSERT INTO `ata_docs` VALUES ('2016-10-25', 61, 3, 0, 2, NULL, NULL, NULL);
INSERT INTO `ata_docs` VALUES ('2016-10-26', 15, 1, 1, 6, NULL, NULL, NULL);
INSERT INTO `ata_docs` VALUES ('2016-10-27', 34, 3, 2, 7, NULL, NULL, NULL);
INSERT INTO `ata_docs` VALUES ('2016-10-28', 183, 19, 3, 7, NULL, NULL, NULL);
INSERT INTO `ata_docs` VALUES ('2016-10-31', 111, 3, 2, 3, NULL, NULL, NULL);
INSERT INTO `ata_docs` VALUES ('2016-11-01', 48, 1, 1, 2, NULL, NULL, NULL);
INSERT INTO `ata_docs` VALUES ('2016-11-03', 135, 1, 18, 3, NULL, NULL, NULL);
INSERT INTO `ata_docs` VALUES ('2016-11-04', 79, 7, 3, 7, NULL, NULL, NULL);
INSERT INTO `ata_docs` VALUES ('2016-11-07', 81, 6, 12, 12, NULL, NULL, NULL);
INSERT INTO `ata_docs` VALUES ('2016-11-08', 95, 6, 4, 7, NULL, NULL, NULL);
INSERT INTO `ata_docs` VALUES ('2016-11-09', 43, 2, 2, 5, NULL, NULL, NULL);
INSERT INTO `ata_docs` VALUES ('2016-11-10', 111, 17, 3, 11, NULL, NULL, NULL);
INSERT INTO `ata_docs` VALUES ('2016-11-11', 77, 6, 0, 5, NULL, NULL, NULL);
INSERT INTO `ata_docs` VALUES ('2016-11-14', 43, 1, 3, 5, NULL, NULL, NULL);
INSERT INTO `ata_docs` VALUES ('2016-11-16', 70, 5, 6, 19, NULL, NULL, NULL);
INSERT INTO `ata_docs` VALUES ('2016-11-17', 73, 8, 8, 2, NULL, NULL, NULL);
INSERT INTO `ata_docs` VALUES ('2016-11-18', 73, 8, 8, 2, NULL, NULL, NULL);
INSERT INTO `ata_docs` VALUES ('2016-11-21', 76, 5, 20, 41, NULL, NULL, NULL);
INSERT INTO `ata_docs` VALUES ('2016-11-22', 24, 2, 12, 5, NULL, NULL, NULL);
INSERT INTO `ata_docs` VALUES ('2016-11-23', 27, 4, 1, 6, NULL, NULL, NULL);
INSERT INTO `ata_docs` VALUES ('2016-11-24', 38, 4, 1, 8, NULL, NULL, NULL);
INSERT INTO `ata_docs` VALUES ('2016-11-25', 53, 4, 1, 2, NULL, NULL, NULL);
INSERT INTO `ata_docs` VALUES ('2016-11-28', 40, 4, 6, 12, NULL, NULL, NULL);
INSERT INTO `ata_docs` VALUES ('2016-11-29', 33, 2, 1, 3, NULL, NULL, NULL);
INSERT INTO `ata_docs` VALUES ('2016-11-30', 275, 25, 6, 4, NULL, NULL, NULL);
INSERT INTO `ata_docs` VALUES ('2016-12-01', 111, 8, 10, 3, NULL, NULL, NULL);
INSERT INTO `ata_docs` VALUES ('2016-12-02', 81, 5, 4, 24, NULL, NULL, NULL);
INSERT INTO `ata_docs` VALUES ('2016-12-05', 139, 4, 5, 5, NULL, NULL, NULL);
INSERT INTO `ata_docs` VALUES ('2016-12-06', 53, 10, 1, 6, NULL, NULL, NULL);
INSERT INTO `ata_docs` VALUES ('2016-12-07', 105, 9, 1, 11, NULL, NULL, NULL);
INSERT INTO `ata_docs` VALUES ('2016-12-08', 81, 4, 10, 5, NULL, NULL, NULL);
INSERT INTO `ata_docs` VALUES ('2016-12-09', 55, 12, 3, 5, NULL, NULL, NULL);
INSERT INTO `ata_docs` VALUES ('2016-12-12', 83, 8, 4, 4, NULL, NULL, NULL);
INSERT INTO `ata_docs` VALUES ('2016-12-13', 23, 4, 2, 6, NULL, NULL, NULL);
INSERT INTO `ata_docs` VALUES ('2016-12-14', 47, 3, 8, 13, NULL, NULL, NULL);
INSERT INTO `ata_docs` VALUES ('2016-12-15', 167, 10, 8, 6, NULL, NULL, NULL);
INSERT INTO `ata_docs` VALUES ('2016-12-16', 63, 5, 6, 7, NULL, NULL, NULL);
INSERT INTO `ata_docs` VALUES ('2016-12-19', 67, 1, 4, 4, NULL, NULL, NULL);
INSERT INTO `ata_docs` VALUES ('2016-12-20', 43, 2, 2, 6, NULL, NULL, NULL);
INSERT INTO `ata_docs` VALUES ('2016-12-21', 54, 4, 0, 6, NULL, NULL, NULL);
INSERT INTO `ata_docs` VALUES ('2016-12-22', 10, 0, 0, 0, NULL, NULL, NULL);
INSERT INTO `ata_docs` VALUES ('2016-12-23', 13, 2, 0, 3, NULL, NULL, NULL);
INSERT INTO `ata_docs` VALUES ('2016-12-26', 29, 3, 4, 7, NULL, NULL, NULL);
INSERT INTO `ata_docs` VALUES ('2016-12-27', 26, 4, 3, 4, NULL, NULL, NULL);
INSERT INTO `ata_docs` VALUES ('2016-12-28', 72, 4, 2, 3, NULL, NULL, NULL);
INSERT INTO `ata_docs` VALUES ('2016-12-29', 120, 10, 2, 4, NULL, NULL, NULL);
INSERT INTO `ata_docs` VALUES ('2017-01-02', 128, 5, 3, 4, NULL, NULL, NULL);
INSERT INTO `ata_docs` VALUES ('2017-01-03', 104, 0, 3, 9, NULL, NULL, NULL);
INSERT INTO `ata_docs` VALUES ('2017-01-04', 62, 12, 7, 1, NULL, NULL, NULL);
INSERT INTO `ata_docs` VALUES ('2017-01-05', 80, 3, 2, 1, NULL, NULL, NULL);
INSERT INTO `ata_docs` VALUES ('2017-01-06', 71, 2, 1, 4, NULL, NULL, NULL);
INSERT INTO `ata_docs` VALUES ('2017-01-09', 71, 6, 9, 20, NULL, NULL, NULL);
INSERT INTO `ata_docs` VALUES ('2017-01-10', 158, 4, 9, 4, NULL, NULL, NULL);
INSERT INTO `ata_docs` VALUES ('2017-01-11', 51, 3, 7, 3, NULL, NULL, NULL);
INSERT INTO `ata_docs` VALUES ('2017-01-12', 33, 2, 4, 2, NULL, NULL, NULL);
INSERT INTO `ata_docs` VALUES ('2017-01-13', 71, 10, 5, 5, NULL, NULL, NULL);
INSERT INTO `ata_docs` VALUES ('2017-01-16', 83, 5, 3, 11, NULL, NULL, NULL);
INSERT INTO `ata_docs` VALUES ('2017-01-17', 39, 1, 1, 1, NULL, NULL, NULL);
INSERT INTO `ata_docs` VALUES ('2017-01-18', 42, 5, 1, 3, NULL, NULL, NULL);
INSERT INTO `ata_docs` VALUES ('2017-01-19', 34, 3, 6, 4, NULL, NULL, NULL);
INSERT INTO `ata_docs` VALUES ('2017-01-20', 50, 3, 1, 2, NULL, NULL, NULL);
INSERT INTO `ata_docs` VALUES ('2017-01-23', 57, 1, 3, 1, NULL, NULL, NULL);
INSERT INTO `ata_docs` VALUES ('2017-01-24', 22, 0, 1, 4, NULL, NULL, NULL);
INSERT INTO `ata_docs` VALUES ('2017-01-25', 18, 4, 3, 10, NULL, NULL, NULL);
INSERT INTO `ata_docs` VALUES ('2017-01-26', 20, 2, 3, 2, NULL, NULL, NULL);
INSERT INTO `ata_docs` VALUES ('2017-01-27', 19, 2, 2, 5, NULL, NULL, NULL);
INSERT INTO `ata_docs` VALUES ('2017-01-30', 282, 12, 5, 2, NULL, NULL, NULL);
INSERT INTO `ata_docs` VALUES ('2017-01-31', 85, 4, 2, 8, NULL, NULL, NULL);
INSERT INTO `ata_docs` VALUES ('2017-02-01', 123, 6, 3, 4, NULL, NULL, NULL);
INSERT INTO `ata_docs` VALUES ('2017-02-02', 36, 3, 4, 2, NULL, NULL, NULL);
INSERT INTO `ata_docs` VALUES ('2017-02-03', 88, 4, 2, 14, NULL, NULL, NULL);
INSERT INTO `ata_docs` VALUES ('2017-02-06', 99, 6, 1, 8, NULL, NULL, NULL);
INSERT INTO `ata_docs` VALUES ('2017-02-07', 77, 11, 5, 5, NULL, NULL, NULL);
INSERT INTO `ata_docs` VALUES ('2017-02-08', 84, 4, 0, 5, NULL, NULL, NULL);
INSERT INTO `ata_docs` VALUES ('2017-02-09', 59, 6, 1, 1, NULL, NULL, NULL);
INSERT INTO `ata_docs` VALUES ('2017-02-10', 113, 8, 3, 5, NULL, NULL, NULL);
INSERT INTO `ata_docs` VALUES ('2017-02-13', 39, 2, 2, 11, NULL, NULL, NULL);
INSERT INTO `ata_docs` VALUES ('2017-02-14', 25, 6, 2, 9, NULL, NULL, NULL);
INSERT INTO `ata_docs` VALUES ('2017-02-15', 98, 3, 4, 6, NULL, NULL, NULL);
INSERT INTO `ata_docs` VALUES ('2017-02-16', 24, 2, 1, 6, NULL, NULL, NULL);
INSERT INTO `ata_docs` VALUES ('2017-02-17', 34, 1, 0, 1, NULL, NULL, NULL);
INSERT INTO `ata_docs` VALUES ('2017-02-20', 90, 3, 3, 6, NULL, NULL, NULL);
INSERT INTO `ata_docs` VALUES ('2017-02-21', 42, 3, 3, 0, NULL, NULL, NULL);
INSERT INTO `ata_docs` VALUES ('2017-02-22', 20, 0, 1, 2, NULL, NULL, NULL);
INSERT INTO `ata_docs` VALUES ('2017-02-23', 65, 1, 1, 11, NULL, NULL, NULL);
INSERT INTO `ata_docs` VALUES ('2017-02-24', 272, 22, 2, 6, NULL, NULL, NULL);
INSERT INTO `ata_docs` VALUES ('2017-03-01', 62, 0, 1, 3, NULL, NULL, NULL);
INSERT INTO `ata_docs` VALUES ('2017-03-02', 127, 4, 7, 6, NULL, NULL, NULL);
INSERT INTO `ata_docs` VALUES ('2017-03-03', 142, 8, 3, 10, NULL, NULL, NULL);
INSERT INTO `ata_docs` VALUES ('2017-03-06', 102, 4, 5, 22, NULL, NULL, NULL);
INSERT INTO `ata_docs` VALUES ('2017-03-07', 78, 9, 5, 4, NULL, NULL, NULL);
INSERT INTO `ata_docs` VALUES ('2017-03-08', 56, 3, 1, 5, NULL, NULL, NULL);
INSERT INTO `ata_docs` VALUES ('2017-03-09', 77, 8, 2, 1, NULL, NULL, NULL);
INSERT INTO `ata_docs` VALUES ('2017-03-10', 146, 7, 4, 13, NULL, NULL, NULL);
INSERT INTO `ata_docs` VALUES ('2017-03-13', 55, 3, 0, 1, NULL, NULL, NULL);
INSERT INTO `ata_docs` VALUES ('2017-03-14', 26, 3, 7, 3, NULL, NULL, NULL);
INSERT INTO `ata_docs` VALUES ('2017-03-15', 113, 5, 12, 8, NULL, NULL, NULL);
INSERT INTO `ata_docs` VALUES ('2017-03-16', 28, 2, 3, 4, NULL, NULL, NULL);
INSERT INTO `ata_docs` VALUES ('2017-03-17', 40, 0, 2, 3, NULL, NULL, NULL);
INSERT INTO `ata_docs` VALUES ('2017-03-20', 71, 5, 5, 9, NULL, NULL, NULL);
INSERT INTO `ata_docs` VALUES ('2017-03-21', 24, 3, 1, 1, NULL, NULL, NULL);
INSERT INTO `ata_docs` VALUES ('2017-03-22', 45, 3, 6, 2, NULL, NULL, NULL);
INSERT INTO `ata_docs` VALUES ('2017-03-23', 19, 2, 3, 1, NULL, NULL, NULL);
INSERT INTO `ata_docs` VALUES ('2017-03-24', 44, 4, 3, 0, NULL, NULL, NULL);
INSERT INTO `ata_docs` VALUES ('2017-03-27', 25, 3, 6, 9, NULL, NULL, NULL);
INSERT INTO `ata_docs` VALUES ('2017-03-28', 17, 2, 3, 0, NULL, NULL, NULL);
INSERT INTO `ata_docs` VALUES ('2017-03-29', 22, 4, 5, 12, NULL, NULL, NULL);
INSERT INTO `ata_docs` VALUES ('2017-03-30', 222, 8, 3, 7, NULL, NULL, NULL);
INSERT INTO `ata_docs` VALUES ('2017-03-31', 144, 8, 3, 3, NULL, NULL, NULL);
INSERT INTO `ata_docs` VALUES ('2017-04-03', 123, 9, 15, 16, NULL, NULL, NULL);
INSERT INTO `ata_docs` VALUES ('2017-04-04', 61, 0, 0, 3, NULL, NULL, NULL);
INSERT INTO `ata_docs` VALUES ('2017-04-05', 71, 4, 4, 12, NULL, NULL, NULL);
INSERT INTO `ata_docs` VALUES ('2017-04-06', 48, 3, 0, 6, NULL, NULL, NULL);
INSERT INTO `ata_docs` VALUES ('2017-04-07', 96, 11, 1, 12, NULL, NULL, NULL);
INSERT INTO `ata_docs` VALUES ('2017-04-10', 156, 11, 1, 2, NULL, NULL, NULL);
INSERT INTO `ata_docs` VALUES ('2017-04-11', 70, 7, 3, 2, NULL, NULL, NULL);
INSERT INTO `ata_docs` VALUES ('2017-04-12', 51, 3, 11, 1, NULL, NULL, NULL);
INSERT INTO `ata_docs` VALUES ('2017-04-13', 24, 0, 1, 0, NULL, NULL, NULL);
INSERT INTO `ata_docs` VALUES ('2017-04-17', 90, 5, 4, 14, NULL, NULL, NULL);
INSERT INTO `ata_docs` VALUES ('2017-04-18', 37, 2, 3, 6, NULL, NULL, NULL);
INSERT INTO `ata_docs` VALUES ('2017-04-19', 54, 6, 0, 5, NULL, NULL, NULL);
INSERT INTO `ata_docs` VALUES ('2017-04-20', 49, 1, 0, 2, NULL, NULL, NULL);
INSERT INTO `ata_docs` VALUES ('2017-04-24', 34, 3, 8, 25, NULL, NULL, NULL);
INSERT INTO `ata_docs` VALUES ('2017-04-25', 20, 1, 1, 1, NULL, NULL, NULL);
INSERT INTO `ata_docs` VALUES ('2017-04-26', 37, 6, 4, 3, NULL, NULL, NULL);
INSERT INTO `ata_docs` VALUES ('2017-04-27', 75, 2, 0, 2, NULL, NULL, NULL);
INSERT INTO `ata_docs` VALUES ('2017-04-28', 168, 15, 3, 3, NULL, NULL, NULL);
INSERT INTO `ata_docs` VALUES ('2017-05-02', 158, 8, 7, 11, NULL, NULL, NULL);
INSERT INTO `ata_docs` VALUES ('2017-05-03', 118, 8, 3, 8, NULL, NULL, NULL);
INSERT INTO `ata_docs` VALUES ('2017-05-04', 58, 4, 8, 11, NULL, NULL, NULL);
INSERT INTO `ata_docs` VALUES ('2017-05-05', 75, 7, 3, 5, NULL, NULL, NULL);
INSERT INTO `ata_docs` VALUES ('2017-05-08', 99, 7, 4, 9, NULL, NULL, NULL);
INSERT INTO `ata_docs` VALUES ('2017-05-09', 54, 0, 1, 4, NULL, NULL, NULL);
INSERT INTO `ata_docs` VALUES ('2017-05-10', 150, 8, 2, 10, NULL, NULL, NULL);
INSERT INTO `ata_docs` VALUES ('2017-05-11', 38, 7, 1, 2, NULL, NULL, NULL);
INSERT INTO `ata_docs` VALUES ('2017-05-12', 41, 7, 5, 7, NULL, NULL, NULL);
INSERT INTO `ata_docs` VALUES ('2017-05-15', 132, 7, 5, 2, NULL, NULL, NULL);
INSERT INTO `ata_docs` VALUES ('2017-05-16', 66, 2, 1, 5, NULL, NULL, NULL);
INSERT INTO `ata_docs` VALUES ('2017-05-17', 35, 2, 1, 23, NULL, NULL, NULL);
INSERT INTO `ata_docs` VALUES ('2017-05-18', 33, 3, 2, 3, NULL, NULL, NULL);
INSERT INTO `ata_docs` VALUES ('2017-05-22', 59, 0, 4, 11, NULL, NULL, NULL);

-- ----------------------------
-- Table structure for atends
-- ----------------------------
DROP TABLE IF EXISTS `atends`;
CREATE TABLE `atends`  (
  `id` int(11) NOT NULL AUTO_INCREMENT,
  `nome` varchar(50) CHARACTER SET utf8 COLLATE utf8_general_ci NOT NULL,
  `email` varchar(100) CHARACTER SET latin1 COLLATE latin1_swedish_ci NOT NULL,
  `pwd` varchar(32) CHARACTER SET latin1 COLLATE latin1_swedish_ci NOT NULL,
  `permissao` tinyint(1) NOT NULL,
  PRIMARY KEY (`id`) USING BTREE
) ENGINE = MyISAM AUTO_INCREMENT = 15 CHARACTER SET = utf8 COLLATE = utf8_general_ci ROW_FORMAT = Dynamic;

-- ----------------------------
-- Records of atends
-- ----------------------------
INSERT INTO `atends` VALUES (1, 'Lucio', 'lucio@cressem.com.br', '', 3);
INSERT INTO `atends` VALUES (2, 'Adriano', 'adriano@cressem.com.br', '', 0);
INSERT INTO `atends` VALUES (5, 'Helton', 'helton@cressem.com.br', 'caf1a3dfb505ffed0d024130f58c5cfa', 0);
INSERT INTO `atends` VALUES (14, 'Heitor', 'heitor@cressem.com.br', 'a78026e2bdcc8272007a3ba50e47a9dd', 0);

-- ----------------------------
-- Table structure for contas
-- ----------------------------
DROP TABLE IF EXISTS `contas`;
CREATE TABLE `contas`  (
  `id` int(11) UNSIGNED NOT NULL AUTO_INCREMENT,
  `titular` varchar(100) CHARACTER SET utf8 COLLATE utf8_general_ci NULL DEFAULT NULL,
  `email` varchar(100) CHARACTER SET utf8 COLLATE utf8_general_ci NULL DEFAULT NULL,
  `caixa` int(11) NULL DEFAULT NULL,
  `senha` varchar(32) CHARACTER SET utf8 COLLATE utf8_general_ci NULL DEFAULT NULL,
  `ativo` tinyint(1) NULL DEFAULT NULL,
  PRIMARY KEY (`id`) USING BTREE
) ENGINE = InnoDB AUTO_INCREMENT = 13 CHARACTER SET = utf8 COLLATE = utf8_general_ci ROW_FORMAT = Compact;

-- ----------------------------
-- Records of contas
-- ----------------------------
INSERT INTO `contas` VALUES (5, 'Lucio Guska', 'lucio.gsk@gmail.com', 11, 'fa14d4fe2f19414de3ebd9f63d5c0169', 1);
INSERT INTO `contas` VALUES (7, 'Adriano de Castro', 'adriano@cressem.com.br', 17, 'caf1a3dfb505ffed0d024130f58c5cfa', 1);
INSERT INTO `contas` VALUES (8, 'Heitor Peixoto de Souza', 'heitor@cressem.com.br', 22, 'a78026e2bdcc8272007a3ba50e47a9dd', 1);
INSERT INTO `contas` VALUES (10, 'Helton Infantino', 'helton@cressem.com.br', 12, '012a91467f210472fab4e11359bbfef6', 1);
INSERT INTO `contas` VALUES (12, 'Tesoureiro', 'cofretes@cressem.com.br', 99, 'fa14d4fe2f19414de3ebd9f63d5c0169', 1);

-- ----------------------------
-- Table structure for historico
-- ----------------------------
DROP TABLE IF EXISTS `historico`;
CREATE TABLE `historico`  (
  `id` int(11) UNSIGNED NOT NULL AUTO_INCREMENT,
  `id_conta` int(11) NULL DEFAULT NULL,
  `tipo` tinyint(1) NULL DEFAULT NULL,
  `valor` float NULL DEFAULT NULL,
  `data_operacao` datetime(0) NULL DEFAULT NULL,
  PRIMARY KEY (`id`) USING BTREE
) ENGINE = InnoDB AUTO_INCREMENT = 13 CHARACTER SET = utf8 COLLATE = utf8_general_ci ROW_FORMAT = Compact;

-- ----------------------------
-- Records of historico
-- ----------------------------
INSERT INTO `historico` VALUES (4, 5, 0, 4300, '2018-01-26 16:40:16');
INSERT INTO `historico` VALUES (5, 5, 1, 45000, '2018-01-26 16:40:26');
INSERT INTO `historico` VALUES (6, 5, 0, 7000, '2018-01-26 16:40:34');
INSERT INTO `historico` VALUES (7, 5, 4, 304.27, '2018-01-26 16:40:47');
INSERT INTO `historico` VALUES (8, 8, 0, 4200, '2018-01-26 16:42:52');
INSERT INTO `historico` VALUES (9, 8, 0, 5000, '2018-01-26 16:42:57');
INSERT INTO `historico` VALUES (10, 8, 0, 5000, '2018-01-26 16:43:02');
INSERT INTO `historico` VALUES (11, 8, 1, 4950, '2018-01-26 16:43:17');
INSERT INTO `historico` VALUES (12, 8, 4, 243.94, '2018-01-26 16:43:27');

-- ----------------------------
-- Table structure for movimento_tipos
-- ----------------------------
DROP TABLE IF EXISTS `movimento_tipos`;
CREATE TABLE `movimento_tipos`  (
  `id` int(11) NOT NULL AUTO_INCREMENT,
  `tipo` tinyint(1) NOT NULL,
  `tp_descricao` varchar(40) CHARACTER SET latin1 COLLATE latin1_swedish_ci NOT NULL,
  `nivel` tinyint(1) NULL DEFAULT NULL,
  PRIMARY KEY (`id`) USING BTREE,
  INDEX `tipo`(`tipo`) USING BTREE
) ENGINE = MyISAM AUTO_INCREMENT = 7 CHARACTER SET = utf8 COLLATE = utf8_general_ci ROW_FORMAT = Dynamic;

-- ----------------------------
-- Records of movimento_tipos
-- ----------------------------
INSERT INTO `movimento_tipos` VALUES (1, 0, 'Suprimento', 0);
INSERT INTO `movimento_tipos` VALUES (2, 1, 'Recolhimento', 0);
INSERT INTO `movimento_tipos` VALUES (3, 2, 'Recolher para Tesouraria', 1);
INSERT INTO `movimento_tipos` VALUES (4, 3, 'Suprimento da Tesouraria', 1);
INSERT INTO `movimento_tipos` VALUES (5, 4, 'Malote Fim do Dia', 0);
INSERT INTO `movimento_tipos` VALUES (6, 5, 'Saldo Final Cofre', 1);

-- ----------------------------
-- Table structure for resumo
-- ----------------------------
DROP TABLE IF EXISTS `resumo`;
CREATE TABLE `resumo`  (
  `id` int(11) NOT NULL AUTO_INCREMENT,
  `data_mov` date NOT NULL,
  `ent_tes` double(11, 2) NULL DEFAULT NULL,
  `rec_tes` double(11, 2) NULL DEFAULT NULL,
  `cx_supr` double(11, 2) NULL DEFAULT NULL,
  `cx_rec` double(11, 2) NULL DEFAULT NULL,
  `cx_mal` double(11, 2) NULL DEFAULT NULL,
  `saldo_fim` double(11, 2) NULL DEFAULT NULL,
  PRIMARY KEY (`id`) USING BTREE
) ENGINE = InnoDB AUTO_INCREMENT = 1 CHARACTER SET = utf8 COLLATE = utf8_general_ci ROW_FORMAT = Compact;

-- ----------------------------
-- Table structure for usuarios
-- ----------------------------
DROP TABLE IF EXISTS `usuarios`;
CREATE TABLE `usuarios`  (
  `id` int(11) UNSIGNED NOT NULL AUTO_INCREMENT,
  `email` varchar(100) CHARACTER SET utf8 COLLATE utf8_general_ci NULL DEFAULT NULL,
  `senha` varchar(32) CHARACTER SET utf8 COLLATE utf8_general_ci NULL DEFAULT NULL,
  PRIMARY KEY (`id`) USING BTREE
) ENGINE = InnoDB AUTO_INCREMENT = 1 CHARACTER SET = utf8 COLLATE = utf8_general_ci ROW_FORMAT = Compact;

-- ----------------------------
-- Table structure for usuarios_token
-- ----------------------------
DROP TABLE IF EXISTS `usuarios_token`;
CREATE TABLE `usuarios_token`  (
  `id` int(11) UNSIGNED NOT NULL AUTO_INCREMENT,
  `id_usuario` int(11) NULL DEFAULT NULL,
  `hash` varchar(32) CHARACTER SET utf8 COLLATE utf8_general_ci NULL DEFAULT NULL,
  `used` tinyint(1) NULL DEFAULT 0,
  `expirado_em` datetime(0) NULL DEFAULT NULL,
  PRIMARY KEY (`id`) USING BTREE
) ENGINE = InnoDB AUTO_INCREMENT = 12 CHARACTER SET = utf8 COLLATE = utf8_general_ci ROW_FORMAT = Compact;

-- ----------------------------
-- Records of usuarios_token
-- ----------------------------
INSERT INTO `usuarios_token` VALUES (8, 8, 'dc28b8e2b0283d22bbf0afdedbacdd68', 1, '2018-03-25 14:13:00');
INSERT INTO `usuarios_token` VALUES (9, 5, '14912c47c986f6ab5db6b059340a33ce', 1, '2018-03-25 14:15:00');
INSERT INTO `usuarios_token` VALUES (10, 10, '739c837f2dfe14e033e9c394795f6d0f', 1, '2018-03-25 14:18:00');
INSERT INTO `usuarios_token` VALUES (11, 5, '940ce8b3b25572c620a74f9c52896a7a', 0, '2018-03-25 17:36:00');

SET FOREIGN_KEY_CHECKS = 1;
